Date,Open,High,Low,Last,Close,Total Trade Quantity,Turnover (Lacs)
2012-11-22,1743.95,1750.0,1726.0,1728.05,1730.15,84159.0,1460.04
2012-11-23,1720.0,1749.8,1715.8,1739.9,1743.0,122103.0,2125.87
2012-11-26,1738.0,1774.9,1738.0,1769.7,1759.75,272558.0,4809.39
2012-11-27,1765.25,1795.0,1765.25,1793.0,1787.55,167359.0,2978.24
2012-11-29,1801.0,1826.9,1791.4,1810.0,1808.55,712928.0,12915.6
2012-11-30,1803.0,1830.0,1785.5,1823.0,1819.4,755311.0,13720.9
2012-12-03,1822.25,1849.0,1822.25,1825.0,1831.0,340609.0,6241.7
2012-12-04,1832.05,1845.5,1820.25,1826.0,1831.75,218383.0,4005.42
2012-12-05,1843.0,1843.25,1822.65,1830.0,1832.5,468116.0,8582.15
2012-12-06,1842.9,1850.0,1814.25,1848.0,1846.55,119580.0,2192.79
2012-12-07,1849.0,1849.85,1830.1,1841.0,1839.4,304100.0,5587.35
2012-12-10,1846.0,1905.05,1833.2,1895.0,1883.75,296440.0,5520.49
2012-12-11,1895.0,1915.5,1864.75,1874.5,1881.2,554083.0,10491.45
2012-12-12,1879.9,1884.9,1859.1,1870.0,1873.65,265851.0,4979.86
2012-12-13,1878.0,1897.8,1847.1,1855.0,1851.95,306147.0,5711.6
2012-12-14,1856.25,1863.7,1825.0,1835.0,1830.05,266915.0,4910.87
2012-12-17,1831.9,1851.5,1831.15,1843.85,1844.3,268692.0,4948.26
2012-12-18,1846.25,1860.25,1825.9,1826.35,1839.0,474428.0,8749.57
2012-12-19,1830.0,1860.2,1829.2,1851.05,1852.75,453962.0,8398.18
2012-12-20,1842.25,1860.2,1838.1,1840.55,1845.8,288922.0,5345.26
2012-12-21,1847.0,1847.9,1812.0,1819.6,1821.0,246281.0,4505.96
2012-12-24,1822.25,1840.0,1811.0,1825.6,1822.35,220785.0,4028.63
2012-12-26,1822.0,1838.0,1812.0,1819.05,1818.85,217946.0,3965.13
2012-12-27,1834.8,1854.4,1824.1,1831.75,1828.95,461804.0,8477.58
2012-12-28,1827.7,1838.0,1818.6,1819.9,1826.55,187748.0,3430.48
2012-12-31,1828.0,1831.8,1816.0,1830.0,1829.75,113090.0,2067.3
2013-01-01,1831.6,1840.0,1821.1,1834.0,1835.75,186366.0,3416.48
2013-01-02,1842.25,1852.75,1834.3,1837.95,1837.7,192449.0,3545.03
2013-01-03,1849.0,1891.5,1841.1,1881.0,1882.3,584794.0,10996.45
2013-01-04,1880.0,1895.0,1875.0,1885.0,1889.35,403207.0,7612.43
2013-01-07,1895.0,1907.0,1871.7,1886.0,1887.6,502796.0,9525.35
2013-01-08,1889.0,1921.75,1882.95,1906.95,1908.15,370157.0,7062.51
2013-01-09,1905.25,1927.0,1896.1,1909.75,1910.9,607175.0,11622.29
2013-01-10,1915.1,1922.85,1893.6,1894.25,1910.05,462822.0,8843.03
2013-01-11,1915.0,1915.0,1880.9,1896.35,1899.85,586237.0,11135.02
2013-01-14,1900.1,1918.9,1900.0,1916.0,1913.05,451885.0,8635.13
2013-01-15,1916.0,1916.0,1897.1,1902.0,1902.35,480337.0,9136.75
2013-01-16,1905.0,1954.1,1905.0,1925.0,1929.9,344914.0,6669.66
2013-01-17,1935.0,1948.0,1925.05,1935.0,1938.5,253191.0,4905.91
2013-01-18,1934.95,1934.95,1882.1,1886.5,1891.15,357501.0,6845.18
2013-01-21,1891.0,1927.9,1890.5,1926.0,1922.8,194124.0,3712.46
2013-01-22,1921.95,1921.95,1902.25,1912.5,1912.45,459325.0,8782.56
2013-01-23,1923.9,1932.4,1910.75,1919.0,1922.3,310577.0,5974.03
2013-01-24,1923.0,1943.6,1903.15,1935.0,1935.2,1029197.0,19907.37
2013-01-25,1936.0,1970.0,1935.4,1936.4,1945.15,432202.0,8441.21
2013-01-28,1946.0,1957.4,1935.25,1941.0,1940.75,321598.0,6254.32
2013-01-29,1940.75,1950.0,1917.0,1940.0,1937.85,99897.0,1936.42
2013-01-30,1945.0,1945.0,1926.1,1935.0,1932.7,242675.0,4699.02
2013-01-31,1937.0,1942.0,1908.65,1925.0,1915.9,529632.0,10172.3
2013-02-01,1922.0,1959.0,1922.0,1941.7,1945.3,509775.0,9877.03
2013-02-04,1961.0,1961.0,1906.0,1910.0,1912.35,154178.0,2954.88
2013-02-05,1912.35,1912.35,1895.05,1900.0,1899.85,237351.0,4512.75
2013-02-06,1908.0,1919.5,1888.1,1898.0,1899.25,203423.0,3870.0
2013-02-07,1895.1,1913.5,1883.0,1900.0,1895.2,388851.0,7370.63
2013-02-08,1884.1,1900.0,1847.4,1848.4,1855.4,204267.0,3826.39
2013-02-11,1873.8,1909.9,1871.25,1897.0,1898.85,1059847.0,20161.54
2013-02-12,1921.1,1921.2,1903.2,1914.95,1915.05,468367.0,8967.46
2013-02-13,1920.0,1920.0,1873.05,1910.0,1905.2,779610.0,14834.0
2013-02-14,1906.0,1908.0,1852.45,1870.0,1874.35,1046407.0,19625.09
2013-02-15,1870.0,1878.8,1812.0,1814.0,1818.9,532966.0,9751.79
2013-02-18,1820.95,1830.65,1792.3,1797.0,1802.2,435533.0,7885.33
2013-02-19,1803.0,1828.8,1788.0,1819.0,1823.5,298350.0,5407.18
2013-02-20,1827.95,1836.9,1812.3,1835.0,1825.8,370579.0,6763.34
2013-02-21,1823.8,1831.9,1800.0,1820.1,1821.2,220512.0,4008.37
2013-02-22,1815.0,1824.95,1790.1,1803.4,1816.2,239461.0,4326.37
2013-02-25,1805.0,1814.0,1791.55,1803.25,1804.35,325194.0,5857.7
2013-02-26,1803.1,1808.3,1758.0,1758.45,1769.15,185210.0,3308.41
2013-02-27,1752.5,1768.95,1733.45,1755.0,1755.85,347581.0,6100.92
2013-02-28,1768.0,1779.9,1725.1,1747.0,1755.45,451853.0,7912.18
2013-03-01,1752.0,1772.0,1720.4,1741.1,1741.85,236482.0,4108.12
2013-03-04,1741.1,1772.0,1738.9,1762.05,1765.1,318943.0,5610.54
2013-03-05,1765.0,1804.5,1751.3,1797.0,1793.95,226517.0,4047.89
2013-03-06,1799.9,1814.9,1780.0,1813.5,1809.8,255988.0,4592.53
2013-03-07,1802.0,1824.0,1793.55,1822.8,1808.7,137664.0,2482.87
2013-03-08,1817.0,1829.4,1782.05,1824.0,1819.2,280518.0,5046.31
2013-03-11,1819.0,1819.0,1801.0,1805.25,1813.15,179908.0,3256.94
2013-03-12,1810.0,1828.5,1808.9,1818.2,1817.15,139898.0,2543.49
2013-03-13,1816.0,1822.9,1799.9,1813.0,1807.95,155068.0,2806.92
2013-03-14,1808.0,1822.95,1801.05,1820.0,1817.0,166728.0,3018.39
2013-03-15,1822.0,1834.0,1806.0,1819.0,1822.65,183922.0,3353.22
2013-03-18,1791.0,1822.75,1785.65,1802.0,1802.9,310064.0,5585.1
2013-03-19,1798.95,1810.0,1782.0,1788.95,1797.85,357701.0,6431.9
2013-03-20,1783.0,1805.0,1780.85,1803.0,1800.0,248366.0,4459.9
2013-03-21,1800.0,1806.65,1750.0,1759.0,1772.25,298233.0,5353.92
2013-03-22,1760.25,1794.15,1748.05,1760.0,1752.1,207853.0,3674.95
2013-03-25,1794.0,1796.0,1738.5,1756.9,1765.9,223909.0,3933.13
2013-03-26,1756.0,1784.5,1753.2,1757.0,1763.15,213255.0,3759.54
2013-03-28,1755.55,1787.9,1731.2,1768.0,1766.5,419974.0,7418.28
2013-04-01,1779.0,1838.3,1768.25,1827.0,1825.9,379436.0,6863.96
2013-04-02,1825.0,1844.05,1816.25,1838.0,1839.35,473675.0,8683.82
2013-04-03,1844.9,1844.9,1831.0,1840.0,1837.85,194499.0,3574.71
2013-04-04,1834.75,1904.75,1831.25,1893.0,1889.75,479378.0,9009.42
2013-04-05,1873.0,1930.0,1873.0,1908.0,1911.55,614294.0,11728.22
2013-04-08,1901.0,1949.0,1880.0,1944.9,1936.7,450096.0,8685.14
2013-04-09,1935.0,1935.95,1903.05,1906.2,1916.5,570212.0,10936.28
2013-04-10,1917.9,1918.0,1890.45,1900.0,1899.7,257755.0,4915.43
2013-04-11,1905.1,1919.5,1873.65,1882.0,1885.15,540540.0,10198.87
2013-04-12,1870.0,1921.0,1869.95,1920.0,1903.8,239899.0,4549.25
2013-04-15,1904.0,1904.0,1845.25,1850.55,1852.65,127097.0,2380.99
2013-04-16,1853.35,1936.45,1853.1,1924.0,1923.7,182606.0,3470.01
2013-04-17,1917.0,1935.0,1864.3,1906.0,1907.9,221651.0,4225.53
2013-04-18,1919.0,1919.0,1896.0,1902.6,1906.1,184417.0,3514.38
2013-04-22,1905.0,1905.0,1859.1,1892.0,1886.35,209681.0,3934.92
2013-04-23,1892.0,1917.35,1885.05,1909.05,1901.5,233351.0,4440.71
2013-04-25,1917.8,2000.0,1910.0,1982.0,1992.5,1084753.0,21478.14
2013-04-26,1990.0,2010.0,1973.4,1988.0,1990.85,489333.0,9757.01
2013-04-29,1992.0,2018.9,1980.0,2000.0,1997.35,155864.0,3120.39
2013-04-30,2000.0,2038.65,1984.95,2026.5,2028.2,461599.0,9324.81
2013-05-02,2023.1,2035.9,2005.85,2010.0,2009.65,258750.0,5211.72
2013-05-03,2005.0,2020.0,1998.05,1999.95,2001.45,112023.0,2244.5
2013-05-06,2003.25,2015.0,1987.0,1990.0,1992.95,431404.0,8611.46
2013-05-07,1992.3,2004.5,1973.45,2000.0,1991.9,221147.0,4394.42
2013-05-08,1995.25,2003.0,1970.0,1995.1,1998.75,266876.0,5303.07
2013-05-09,1999.0,2018.0,1981.2,1982.0,1986.95,189635.0,3790.99
2013-05-10,1984.0,2029.0,1984.0,2020.0,2022.25,433919.0,8753.2
2013-05-11,2042.0,2108.4,2042.0,2100.05,2091.7,94050.0,1956.8
2013-05-13,2109.0,2152.0,2052.25,2077.3,2077.3,687285.0,14578.38
2013-05-14,2094.0,2120.0,2017.9,2027.9,2027.9,1101119.0,22656.97
2013-05-15,2034.0,2073.95,2034.0,2065.0,2065.3,751455.0,15487.29
2013-05-16,2085.25,2144.6,2082.65,2117.6,2118.95,546032.0,11604.43
2013-05-17,2126.8,2126.8,2072.0,2076.05,2078.3,248619.0,5177.03
2013-05-20,2083.0,2103.1,2037.3,2040.0,2044.8,426826.0,8819.12
2013-05-21,2055.1,2066.75,2013.75,2023.0,2020.85,541812.0,10979.86
2013-05-22,2026.0,2073.4,2026.0,2054.8,2055.75,295263.0,6074.02
2013-05-23,2060.75,2074.05,2033.0,2053.0,2051.45,399910.0,8209.65
2013-05-24,2068.0,2071.05,2053.45,2064.9,2066.1,342628.0,7076.13
2013-05-27,2066.0,2102.4,2062.7,2091.5,2090.95,346286.0,7241.1
2013-05-28,2090.0,2132.4,2086.0,2117.0,2116.85,650043.0,13730.12
2013-05-29,2109.0,2142.5,2085.05,2125.0,2122.75,285437.0,6034.08
2013-05-30,2122.75,2132.0,2087.65,2109.0,2107.65,431141.0,9093.11
2013-05-31,2100.0,2129.6,2085.3,2090.15,2092.0,350294.0,7368.16
2013-06-03,2093.1,2129.0,2080.75,2115.0,2111.85,272325.0,5752.83
2013-06-04,2128.5,2165.1,2120.7,2165.0,2157.1,362324.0,7793.72
2013-06-05,2165.0,2173.0,2152.0,2156.0,2160.65,247939.0,5361.06
2013-06-06,2147.0,2159.75,2121.1,2128.0,2137.85,362768.0,7802.18
2013-06-07,2136.35,2199.0,2132.0,2195.1,2190.3,458985.0,10015.34
2013-06-10,2197.0,2207.15,2171.25,2186.65,2181.5,309241.0,6754.08
2013-06-11,2175.3,2204.85,2153.0,2184.95,2183.95,363503.0,7959.92
2013-06-12,2183.0,2194.9,2165.0,2176.75,2178.45,318798.0,6947.09
2013-06-13,2178.45,2199.0,2148.05,2152.0,2159.05,256052.0,5581.11
2013-06-14,2168.0,2184.75,2154.25,2170.25,2175.85,221197.0,4809.8
2013-06-17,2191.25,2204.9,2136.5,2150.0,2146.45,234619.0,5059.23
2013-06-18,2147.0,2150.0,2120.0,2133.25,2130.95,189805.0,4050.22
2013-06-19,2137.0,2143.0,2078.4,2093.8,2099.7,233753.0,4917.48
2013-06-20,2055.0,2095.1,2052.25,2077.0,2077.65,293549.0,6090.81
2013-06-21,2077.0,2130.0,2034.2,2115.0,2121.4,344330.0,7236.33
2013-06-24,2111.1,2136.5,2080.15,2116.1,2103.05,190741.0,3999.24
2013-06-25,2116.0,2126.95,2085.0,2103.0,2099.65,242637.0,5105.46
2013-06-26,2107.0,2120.0,2081.2,2086.1,2095.85,344654.0,7238.39
2013-06-27,2105.0,2179.15,2105.0,2168.0,2159.25,612087.0,13118.28
2013-06-28,2166.0,2233.9,2166.0,2216.7,2218.85,420527.0,9249.72
2013-07-01,2217.9,2285.0,2217.0,2280.2,2263.8,401124.0,9050.39
2013-07-02,2263.0,2288.55,2240.6,2265.0,2263.4,272890.0,6191.17
2013-07-03,2246.0,2260.0,2154.8,2221.0,2210.85,363693.0,8029.86
2013-07-04,2249.0,2249.0,2202.65,2226.5,2222.8,274002.0,6091.44
2013-07-05,2250.0,2250.0,2221.25,2235.0,2238.85,224376.0,5023.22
2013-07-08,2216.0,2268.15,2208.7,2250.1,2248.75,235203.0,5298.56
2013-07-09,2260.0,2291.0,2233.1,2286.0,2284.2,167535.0,3798.76
2013-07-10,2294.2,2297.0,2246.1,2260.0,2261.5,229049.0,5208.78
2013-07-11,2261.0,2306.15,2261.0,2296.0,2295.85,252961.0,5801.19
2013-07-12,2300.75,2358.7,2254.0,2352.0,2349.45,397780.0,9239.56
2013-07-15,2340.0,2404.8,2328.0,2338.0,2347.65,316518.0,7524.33
2013-07-16,2312.0,2355.55,2265.15,2284.75,2278.4,785705.0,18046.74
2013-07-17,2298.5,2333.0,2295.0,2310.0,2311.15,517584.0,12001.81
2013-07-18,2332.0,2347.35,2312.3,2339.35,2339.5,604164.0,14134.58
2013-07-19,2340.0,2365.0,2321.4,2350.1,2346.1,229774.0,5380.97
2013-07-22,2346.0,2365.2,2307.7,2309.0,2319.45,607394.0,14113.0
2013-07-23,2321.0,2374.8,2321.0,2374.8,2361.25,418045.0,9842.3
2013-07-24,2370.0,2393.95,2330.25,2344.65,2346.2,297654.0,7038.0
2013-07-25,2368.0,2385.9,2306.5,2330.0,2317.95,369358.0,8662.03
2013-07-26,2340.0,2340.0,2258.0,2291.4,2294.45,147042.0,3370.93
2013-07-29,2283.0,2294.15,2205.1,2213.95,2217.7,260041.0,5836.22
2013-07-30,2225.0,2260.0,2145.6,2169.9,2177.25,1015472.0,22269.22
2013-07-31,2150.05,2294.35,2135.8,2279.0,2281.2,605278.0,13563.33
2013-08-01,2300.0,2329.0,2236.1,2277.6,2278.45,621878.0,14053.39
2013-08-02,2275.0,2275.0,2213.25,2240.0,2238.7,429804.0,9596.32
2013-08-05,2244.8,2264.0,2201.45,2212.95,2209.95,246328.0,5508.93
2013-08-06,2200.0,2232.0,2188.4,2188.4,2198.2,185211.0,4088.86
2013-08-07,2205.0,2262.0,2175.55,2251.95,2254.65,267333.0,5948.85
2013-08-08,2249.0,2249.0,2202.15,2225.9,2224.0,219845.0,4883.48
2013-08-12,2235.0,2235.05,2157.55,2200.1,2181.15,553674.0,12064.84
2013-08-13,2180.4,2246.0,2161.75,2238.95,2238.25,363898.0,8061.12
2013-08-14,2220.0,2241.8,2200.0,2208.0,2211.1,329020.0,7279.84
2013-08-16,2192.0,2215.25,2150.1,2174.0,2166.15,456542.0,9971.61
2013-08-19,2150.0,2187.9,2132.0,2140.0,2141.1,212585.0,4575.66
2013-08-20,2085.15,2164.8,2085.15,2130.0,2138.75,322964.0,6908.5
2013-08-21,2135.05,2135.9,2027.0,2060.0,2046.6,441611.0,9195.32
2013-08-22,2046.6,2120.0,2046.6,2119.9,2108.55,248498.0,5189.97
2013-08-23,2103.0,2131.95,2062.2,2123.0,2119.75,274211.0,5753.03
2013-08-26,2123.0,2188.0,2120.0,2150.0,2150.85,287498.0,6217.48
2013-08-27,2140.0,2199.0,2120.2,2171.95,2167.45,283116.0,6128.0
2013-08-28,2125.0,2191.2,2125.0,2183.0,2171.8,354203.0,7701.25
2013-08-29,2197.0,2274.55,2163.0,2253.0,2258.45,459180.0,10292.57
2013-08-30,2236.0,2367.0,2211.65,2300.0,2292.9,334657.0,7569.9
2013-09-02,2271.6,2311.0,2265.6,2290.0,2283.2,191118.0,4370.96
2013-09-03,2285.6,2296.85,2194.2,2213.65,2206.6,274385.0,6143.25
2013-09-04,2207.0,2299.0,2206.6,2290.0,2274.95,253044.0,5730.11
2013-09-05,2287.0,2334.5,2280.0,2289.0,2294.1,237720.0,5488.48
2013-09-06,2271.0,2345.0,2263.35,2280.0,2284.65,319797.0,7413.58
2013-09-10,2290.1,2306.85,2257.25,2265.0,2266.4,369579.0,8386.94
2013-09-11,2266.0,2283.85,2245.0,2250.0,2250.05,243438.0,5486.2
2013-09-12,2267.0,2288.5,2210.0,2250.0,2246.7,254216.0,5755.11
2013-09-13,2249.05,2272.9,2232.0,2258.0,2249.3,128235.0,2891.71
2013-09-16,2265.0,2296.3,2208.5,2224.95,2224.05,175113.0,3946.43
2013-09-17,2232.0,2325.9,2232.0,2299.0,2304.45,297319.0,6839.84
2013-09-18,2320.0,2366.9,2319.9,2359.2,2353.45,342567.0,8034.11
2013-09-19,2383.0,2400.0,2337.0,2371.0,2377.75,281410.0,6658.99
2013-09-20,2360.65,2405.0,2345.0,2351.7,2366.25,249650.0,5932.32
2013-09-23,2335.0,2397.0,2319.0,2396.0,2378.9,283806.0,6683.95
2013-09-24,2377.0,2419.5,2373.0,2380.0,2394.9,402170.0,9649.64
2013-09-25,2380.0,2445.0,2369.0,2441.0,2429.1,408283.0,9860.56
2013-09-26,2430.05,2474.4,2417.0,2462.95,2457.05,320429.0,7845.06
2013-09-27,2450.1,2453.0,2405.1,2412.0,2412.2,217054.0,5258.88
2013-09-30,2398.0,2420.6,2367.05,2371.85,2381.15,184831.0,4419.2
2013-10-01,2372.95,2429.0,2372.95,2411.0,2407.65,295662.0,7132.26
2013-10-03,2405.0,2449.9,2399.1,2427.5,2429.75,254677.0,6197.54
2013-10-04,2425.0,2430.0,2361.05,2369.85,2371.7,290907.0,6957.94
2013-10-07,2374.0,2398.0,2368.0,2386.0,2385.65,153131.0,3651.04
2013-10-08,2391.0,2419.75,2385.0,2389.0,2392.8,172879.0,4147.58
2013-10-09,2384.0,2435.25,2371.5,2410.0,2404.4,210668.0,5078.64
2013-10-10,2405.0,2423.7,2391.1,2393.0,2396.6,238424.0,5730.9
2013-10-11,2410.0,2419.4,2383.4,2410.0,2401.95,113414.0,2728.32
2013-10-14,2409.0,2445.95,2402.0,2421.0,2421.35,234891.0,5705.34
2013-10-15,2440.0,2444.8,2397.4,2413.05,2410.35,263089.0,6353.15
2013-10-17,2385.0,2430.0,2385.0,2413.0,2410.6,159466.0,3853.53
2013-10-18,2425.0,2473.0,2415.75,2453.85,2459.95,344209.0,8463.21
2013-10-21,2461.25,2484.0,2427.35,2443.4,2440.7,279229.0,6831.89
2013-10-22,2415.0,2459.0,2415.0,2429.4,2430.9,220683.0,5371.79
2013-10-23,2424.0,2440.7,2366.6,2400.0,2399.65,235714.0,5639.31
2013-10-24,2405.0,2419.0,2354.0,2395.0,2391.65,290374.0,6921.95
2013-10-25,2394.0,2416.4,2371.35,2400.0,2405.5,241908.0,5791.51
2013-10-28,2411.6,2428.0,2389.0,2402.6,2400.0,149803.0,3599.03
2013-10-29,2405.9,2438.9,2404.05,2434.0,2429.35,568355.0,13770.83
2013-10-30,2436.0,2544.6,2434.0,2531.0,2523.15,602479.0,15088.0
2013-10-31,2529.0,2545.15,2431.0,2435.0,2456.4,1432818.0,35590.38
2013-11-01,2456.0,2489.95,2443.0,2469.0,2471.3,447409.0,11039.1
2013-11-03,2478.0,2492.5,2464.0,2485.0,2481.4,39389.0,976.44
2013-11-05,2485.0,2487.05,2400.05,2406.25,2406.3,269502.0,6533.73
2013-11-06,2410.0,2425.0,2377.1,2400.0,2397.7,203325.0,4886.9
2013-11-07,2415.0,2422.7,2382.0,2415.0,2410.8,265935.0,6394.44
2013-11-08,2410.0,2435.55,2393.6,2395.35,2402.3,169617.0,4093.43
2013-11-11,2406.0,2480.0,2406.0,2470.0,2470.65,280269.0,6864.25
2013-11-12,2488.8,2488.8,2455.3,2472.0,2470.0,259959.0,6420.53
2013-11-13,2471.0,2490.0,2440.05,2470.0,2470.05,199328.0,4926.19
2013-11-14,2465.0,2484.0,2445.55,2461.5,2461.6,124272.0,3066.76
2013-11-18,2487.0,2487.15,2432.0,2465.5,2466.6,255826.0,6292.81
2013-11-19,2470.0,2480.45,2432.35,2450.0,2451.85,166836.0,4083.4
2013-11-20,2434.55,2461.55,2416.5,2421.0,2426.2,227466.0,5536.49
2013-11-21,2426.0,2447.75,2390.0,2415.6,2409.55,145041.0,3495.32
2013-11-22,2431.85,2452.65,2398.1,2427.8,2433.75,189165.0,4593.73
2013-11-25,2445.0,2453.0,2410.35,2434.05,2440.15,134939.0,3288.79
2013-11-26,2440.0,2450.0,2394.0,2404.0,2411.4,258687.0,6234.19
2013-11-27,2413.7,2453.95,2400.05,2419.0,2428.2,403814.0,9799.81
2013-11-28,2444.7,2485.0,2435.75,2458.65,2456.75,302265.0,7434.57
2013-11-29,2459.0,2500.0,2456.0,2484.9,2484.8,277559.0,6892.43
2013-12-02,2499.0,2506.4,2467.3,2502.0,2498.6,194215.0,4838.28
2013-12-03,2499.0,2499.75,2452.1,2463.0,2466.15,197536.0,4872.05
2013-12-04,2450.0,2488.0,2440.45,2444.4,2449.85,230978.0,5682.48
2013-12-05,2468.7,2475.2,2400.0,2410.5,2414.75,388154.0,9392.26
2013-12-06,2425.0,2445.0,2415.0,2430.0,2422.7,247914.0,6030.66
2013-12-09,2462.0,2463.0,2427.45,2455.0,2454.25,272490.0,6684.89
2013-12-10,2455.0,2468.9,2431.0,2451.0,2453.0,151345.0,3710.85
2013-12-11,2455.0,2455.0,2420.1,2446.5,2442.0,95642.0,2326.9
2013-12-12,2422.0,2431.95,2400.05,2401.05,2403.4,156938.0,3784.55
2013-12-13,2404.1,2423.5,2391.15,2404.0,2400.5,186381.0,4486.02
2013-12-16,2407.0,2423.9,2395.5,2400.0,2400.3,206557.0,4973.42
2013-12-17,2412.0,2439.6,2412.0,2429.15,2427.25,205915.0,5000.49
2013-12-18,2436.5,2475.0,2436.5,2471.0,2468.6,218455.0,5369.19
2013-12-19,2470.05,2490.0,2435.0,2470.0,2463.5,299157.0,7368.28
2013-12-20,2484.0,2517.05,2457.75,2507.0,2512.7,375383.0,9326.52
2013-12-23,2517.0,2545.0,2504.0,2513.5,2513.4,261380.0,6607.37
2013-12-24,2530.0,2549.0,2519.8,2538.7,2539.55,104260.0,2644.35
2013-12-26,2540.2,2557.55,2483.0,2495.05,2513.45,225980.0,5699.88
2013-12-27,2519.9,2530.0,2513.9,2519.0,2519.65,140553.0,3543.77
2013-12-30,2522.05,2548.75,2511.15,2532.0,2525.6,209006.0,5283.93
2013-12-31,2532.25,2550.0,2521.0,2534.95,2534.6,112933.0,2860.64
2014-01-01,2545.0,2545.0,2529.35,2535.05,2537.45,27816.0,705.67
2014-01-02,2525.6,2550.0,2513.35,2521.0,2528.5,102531.0,2597.21
2014-01-03,2520.0,2522.95,2485.0,2496.9,2495.7,106312.0,2655.16
2014-01-06,2514.95,2514.95,2460.2,2473.4,2471.25,132967.0,3292.2
2014-01-07,2472.2,2508.0,2464.6,2480.55,2491.25,223225.0,5563.97
2014-01-08,2495.0,2540.0,2470.8,2526.1,2532.25,223471.0,5634.13
2014-01-09,2541.0,2596.9,2525.25,2589.0,2586.9,419693.0,10795.81
2014-01-10,2600.0,2631.0,2562.25,2625.5,2625.55,519695.0,13522.1
2014-01-13,2630.0,2639.75,2600.0,2634.0,2626.55,253075.0,6619.63
2014-01-14,2622.0,2665.5,2616.55,2647.25,2649.0,263864.0,6958.8
2014-01-15,2650.1,2663.9,2641.0,2651.0,2650.2,268234.0,7111.89
2014-01-16,2652.0,2656.0,2624.0,2645.0,2644.5,317440.0,8380.44
2014-01-17,2643.0,2665.7,2641.6,2655.0,2651.85,438475.0,11624.96
2014-01-20,2630.0,2682.5,2629.25,2652.0,2653.4,295063.0,7838.04
2014-01-21,2650.1,2668.9,2636.1,2656.1,2651.55,192975.0,5117.38
2014-01-22,2653.55,2688.0,2645.25,2685.0,2670.6,197313.0,5258.65
2014-01-23,2675.2,2687.75,2660.5,2665.8,2669.2,171249.0,4579.08
2014-01-24,2663.0,2691.95,2646.5,2661.15,2660.95,351829.0,9362.72
2014-01-27,2626.7,2648.8,2622.0,2639.85,2633.1,341168.0,8990.91
2014-01-28,2635.85,2660.8,2626.35,2641.35,2651.85,181923.0,4824.25
2014-01-29,2652.0,2686.8,2648.6,2653.2,2655.25,243863.0,6489.47
2014-01-30,2640.0,2646.0,2613.7,2619.95,2619.8,481083.0,12632.28
2014-01-31,2618.0,2645.0,2602.9,2607.3,2609.55,135185.0,3542.36
2014-02-03,2605.0,2673.6,2605.0,2639.95,2653.15,146623.0,3887.37
2014-02-04,2652.0,2652.0,2590.2,2592.65,2596.65,195097.0,5085.95
2014-02-05,2607.0,2610.9,2580.0,2602.85,2595.7,145398.0,3774.47
2014-02-06,2598.4,2614.45,2589.0,2600.0,2599.95,218641.0,5684.5
2014-02-07,2612.0,2650.0,2611.75,2627.95,2631.9,268263.0,7074.47
2014-02-10,2645.0,2688.0,2639.0,2682.0,2672.15,149983.0,4004.35
2014-02-11,2699.0,2699.0,2625.6,2660.95,2660.45,502138.0,13374.11
2014-02-12,2685.0,2685.0,2603.2,2619.75,2615.4,408212.0,10741.33
2014-02-13,2630.0,2639.9,2549.3,2562.75,2562.6,350389.0,9054.17
2014-02-14,2579.8,2589.0,2516.55,2585.0,2580.05,502608.0,12831.98
2014-02-17,2584.0,2652.8,2584.0,2647.0,2643.5,302745.0,7969.41
2014-02-18,2653.9,2660.95,2622.1,2651.85,2652.0,283548.0,7482.72
2014-02-19,2655.0,2681.7,2634.0,2680.0,2668.35,294654.0,7834.54
2014-02-20,2653.35,2719.7,2647.4,2718.5,2715.9,324204.0,8751.75
2014-02-21,2734.8,2748.0,2716.0,2728.1,2733.35,339521.0,9280.43
2014-02-24,2734.9,2800.0,2714.0,2790.1,2795.85,369902.0,10260.06
2014-02-25,2795.65,2800.65,2762.0,2769.05,2769.15,245678.0,6830.18
2014-02-26,2785.0,2849.4,2783.95,2820.25,2833.2,542467.0,15285.64
2014-02-28,2880.0,2939.4,2871.0,2906.35,2895.5,1123755.0,32688.92
2014-03-03,2878.0,2878.0,2809.15,2817.75,2815.55,301636.0,8565.77
2014-03-04,2798.0,2847.35,2760.0,2802.6,2801.1,535764.0,15006.95
2014-03-05,2825.0,2853.0,2779.55,2792.55,2786.9,374714.0,10523.73
2014-03-06,2812.0,2843.3,2811.95,2828.0,2827.0,357157.0,10095.56
2014-03-07,2831.0,2835.5,2681.0,2731.0,2725.3,592911.0,16178.59
2014-03-10,2725.0,2750.0,2654.0,2680.8,2686.65,510523.0,13717.8
2014-03-11,2709.0,2724.55,2671.65,2676.0,2678.7,347167.0,9382.24
2014-03-12,2690.0,2717.85,2671.3,2688.5,2687.5,349572.0,9425.25
2014-03-13,2700.0,2760.0,2698.0,2754.0,2727.15,614996.0,16814.68
2014-03-14,2725.0,2795.8,2710.05,2770.0,2780.5,457997.0,12701.22
2014-03-18,2796.9,2816.9,2778.0,2794.0,2787.6,244037.0,6829.75
2014-03-19,2811.9,2836.9,2786.1,2800.05,2801.15,432349.0,12168.64
2014-03-20,2801.15,2811.0,2764.3,2777.0,2778.85,580118.0,16127.65
2014-03-21,2795.95,2797.0,2757.0,2781.35,2778.6,251466.0,6991.38
2014-03-22,2780.0,2785.0,2748.5,2781.0,2780.4,22571.0,624.65
2014-03-24,2785.0,2785.0,2744.3,2744.3,2750.05,194865.0,5383.13
2014-03-25,2745.15,2755.0,2715.0,2715.0,2723.45,246668.0,6742.22
2014-03-26,2723.85,2723.85,2625.85,2633.0,2633.6,384612.0,10234.05
2014-03-27,2646.95,2650.95,2575.4,2590.0,2588.6,687284.0,17861.76
2014-03-28,2640.0,2640.0,2603.0,2605.0,2625.8,680548.0,17878.29
2014-03-31,2630.25,2633.6,2546.4,2556.2,2563.9,526861.0,13536.04
2014-04-01,2581.0,2610.0,2570.05,2608.0,2601.0,573599.0,14851.83
2014-04-02,2609.0,2645.0,2609.0,2625.0,2626.8,446774.0,11725.39
2014-04-03,2660.0,2680.0,2642.0,2669.1,2663.6,779632.0,20734.11
2014-04-04,2670.0,2676.35,2630.65,2646.0,2650.05,406668.0,10778.93
2014-04-07,2644.0,2644.0,2590.0,2606.8,2606.15,414695.0,10806.62
2014-04-09,2609.9,2633.95,2586.7,2620.0,2624.4,483471.0,12641.92
2014-04-10,2610.2,2632.95,2540.0,2548.0,2550.45,399770.0,10305.4
2014-04-11,2549.9,2589.45,2520.05,2570.0,2576.9,346902.0,8916.28
2014-04-15,2596.0,2608.5,2567.3,2575.0,2575.05,203964.0,5269.28
2014-04-16,2595.0,2599.0,2531.1,2537.0,2536.75,210345.0,5364.65
2014-04-17,2550.0,2570.0,2522.55,2546.85,2552.2,289332.0,7377.64
2014-04-21,2569.0,2578.0,2536.5,2552.0,2549.8,280206.0,7165.67
2014-04-22,2560.0,2579.3,2548.45,2549.9,2552.6,204432.0,5238.04
2014-04-23,2560.0,2584.15,2555.1,2565.0,2565.9,650619.0,16720.92
2014-04-25,2590.0,2638.8,2590.0,2627.05,2629.25,617634.0,16158.95
2014-04-28,2646.0,2684.0,2642.0,2680.0,2676.75,382585.0,10204.34
2014-04-29,2680.0,2689.35,2640.0,2665.0,2664.65,205533.0,5468.61
2014-04-30,2665.0,2781.75,2664.65,2703.0,2706.15,471362.0,12780.35
2014-05-02,2692.1,2749.9,2692.1,2737.35,2737.35,289784.0,7914.74
2014-05-05,2750.0,2750.0,2720.2,2720.2,2729.15,232724.0,6369.85
2014-05-06,2740.0,2755.0,2727.15,2751.55,2744.35,163542.0,4476.36
2014-05-07,2744.35,2754.0,2727.55,2737.05,2742.2,350321.0,9607.17
2014-05-08,2743.9,2747.95,2725.55,2733.1,2737.15,306766.0,8392.57
2014-05-09,2738.0,2738.0,2694.7,2710.0,2718.0,631879.0,17179.16
2014-05-12,2720.0,2742.0,2711.5,2731.95,2722.9,365960.0,9988.79
2014-05-13,2740.0,2740.55,2600.75,2603.4,2610.75,995503.0,26399.39
2014-05-14,2600.0,2604.5,2513.75,2520.0,2518.35,1040241.0,26449.93
2014-05-15,2515.0,2543.85,2466.6,2480.0,2481.6,663828.0,16582.82
2014-05-16,2464.0,2495.0,2400.0,2405.0,2406.9,1089152.0,26444.99
2014-05-19,2410.0,2421.0,2246.5,2275.0,2286.15,1047342.0,24137.36
2014-05-20,2284.9,2354.95,2266.15,2315.0,2323.25,647080.0,15061.51
2014-05-21,2320.0,2328.45,2280.0,2300.0,2300.05,687158.0,15791.73
2014-05-22,2316.5,2325.0,2280.0,2297.45,2296.1,726115.0,16686.95
2014-05-23,2276.0,2317.8,2276.0,2305.0,2308.7,545956.0,12604.36
2014-05-26,2325.0,2329.85,2286.2,2301.0,2300.1,523950.0,12045.29
2014-05-27,2292.0,2334.0,2292.0,2313.0,2311.8,563748.0,13034.67
2014-05-28,2340.0,2359.0,2318.0,2348.25,2351.6,1505750.0,35331.74
2014-05-29,2336.0,2403.45,2336.0,2385.0,2384.1,698723.0,16637.46
2014-05-30,2384.1,2484.4,2367.0,2455.05,2460.65,2122795.0,51840.51
2014-06-02,2465.0,2471.85,2407.0,2415.0,2413.95,386028.0,9379.02
2014-06-03,2402.2,2415.0,2333.0,2339.0,2337.45,409282.0,9643.67
2014-06-04,2332.0,2356.0,2308.2,2320.0,2318.85,444481.0,10335.67
2014-06-05,2320.0,2333.9,2291.15,2310.55,2310.25,689200.0,15905.64
2014-06-06,2312.0,2360.0,2312.0,2346.9,2354.05,362195.0,8482.03
2014-06-09,2336.0,2379.95,2335.0,2355.05,2352.9,286100.0,6745.03
2014-06-10,2352.0,2405.0,2352.0,2390.0,2395.5,563893.0,13456.09
2014-06-11,2394.0,2437.65,2392.0,2426.75,2432.5,638782.0,15456.91
2014-06-12,2432.0,2445.3,2417.15,2439.0,2434.95,830695.0,20220.9
2014-06-13,2425.0,2455.5,2425.0,2442.1,2445.15,578849.0,14131.73
2014-06-16,2444.5,2466.0,2405.15,2428.0,2424.45,438571.0,10653.25
2014-06-17,2424.45,2430.0,2385.85,2411.85,2411.75,360767.0,8671.57
2014-06-18,2411.85,2447.5,2404.0,2420.0,2422.7,377746.0,9160.83
2014-06-19,2422.0,2454.95,2412.5,2442.1,2447.25,219059.0,5347.51
2014-06-20,2430.5,2474.0,2430.5,2440.0,2439.4,203236.0,4979.7
2014-06-23,2441.0,2465.0,2431.5,2456.0,2454.05,456901.0,11192.94
2014-06-24,2455.0,2470.0,2454.05,2459.85,2462.55,336058.0,8280.03
2014-06-25,2465.0,2484.9,2452.7,2484.0,2478.25,302167.0,7465.74
2014-06-26,2492.7,2529.0,2484.0,2506.0,2507.6,606978.0,15231.47
2014-06-27,2510.0,2575.65,2510.0,2556.5,2552.95,397883.0,10147.0
2014-06-30,2555.0,2630.2,2555.0,2626.0,2624.05,413231.0,10777.11
2014-07-01,2626.0,2633.0,2599.65,2620.0,2614.95,304871.0,7965.31
2014-07-02,2617.7,2666.9,2614.85,2655.2,2662.9,209798.0,5548.85
2014-07-03,2662.9,2663.5,2625.55,2637.75,2639.05,225480.0,5962.39
2014-07-04,2644.0,2695.0,2641.0,2679.0,2678.35,282661.0,7577.69
2014-07-07,2678.0,2759.7,2664.75,2730.05,2730.4,526230.0,14378.91
2014-07-08,2694.0,2748.4,2661.25,2665.3,2680.6,331104.0,8984.65
2014-07-09,2677.0,2690.05,2620.0,2650.0,2663.25,353487.0,9397.82
2014-07-10,2650.1,2699.0,2621.5,2658.0,2650.65,271495.0,7183.4
2014-07-11,2637.0,2728.05,2615.55,2700.0,2700.7,580648.0,15665.94
2014-07-14,2702.0,2709.0,2660.2,2699.0,2695.0,357350.0,9603.94
2014-07-15,2697.8,2700.0,2606.0,2645.0,2638.85,270072.0,7132.06
2014-07-16,2642.0,2659.9,2620.5,2642.0,2647.2,253809.0,6704.65
2014-07-17,2640.0,2669.95,2624.35,2651.0,2647.35,179656.0,4750.6
2014-07-18,2635.1,2666.1,2635.0,2662.1,2653.25,171124.0,4535.43
2014-07-21,2641.1,2677.5,2635.05,2655.0,2653.75,244378.0,6487.44
2014-07-22,2658.0,2736.7,2658.0,2720.05,2723.6,280348.0,7569.16
2014-07-23,2750.0,2750.0,2708.1,2725.2,2734.0,216649.0,5917.25
2014-07-24,2747.0,2747.7,2690.55,2704.5,2704.25,262647.0,7106.45
2014-07-25,2692.0,2771.75,2692.0,2738.0,2744.0,430540.0,11796.28
2014-07-28,2745.9,2795.0,2720.85,2764.5,2769.7,338474.0,9362.6
2014-07-30,2771.9,2849.95,2765.0,2820.0,2823.15,699705.0,19692.69
2014-07-31,2816.2,2828.4,2776.0,2820.0,2808.7,675000.0,18914.2
2014-08-01,2775.0,2799.0,2744.0,2755.0,2758.8,387616.0,10740.96
2014-08-04,2783.0,2783.0,2750.0,2770.0,2767.7,253689.0,7014.3
2014-08-05,2775.0,2811.8,2759.9,2778.0,2780.15,264756.0,7381.98
2014-08-06,2787.0,2787.0,2743.8,2754.7,2750.95,165539.0,4568.26
2014-08-07,2758.0,2794.9,2730.3,2765.0,2755.3,431636.0,11903.21
2014-08-08,2760.0,2804.7,2746.0,2775.3,2782.25,463497.0,12897.1
2014-08-11,2785.0,2785.0,2711.3,2719.5,2721.4,350542.0,9581.15
2014-08-12,2726.0,2747.7,2711.1,2730.0,2730.35,248191.0,6779.84
2014-08-13,2730.35,2754.65,2722.0,2740.2,2741.35,332366.0,9119.37
2014-08-14,2750.0,2763.05,2740.2,2750.0,2755.75,146222.0,4028.15
2014-08-18,2752.1,2782.0,2742.3,2770.0,2774.3,123326.0,3409.77
2014-08-19,2777.0,2849.9,2776.6,2834.0,2829.75,210725.0,5959.75
2014-08-20,2832.0,2900.0,2831.0,2879.85,2885.85,335763.0,9670.72
2014-08-21,2870.3,2880.0,2831.0,2843.5,2838.85,224823.0,6405.36
2014-08-22,2858.0,2860.5,2793.1,2822.3,2826.05,234320.0,6604.87
2014-08-25,2827.0,2893.6,2827.0,2860.95,2879.95,212982.0,6111.02
2014-08-26,2879.0,2929.7,2865.0,2885.45,2889.5,370295.0,10731.2
2014-08-27,2905.2,2944.0,2905.2,2924.6,2922.75,332117.0,9713.56
2014-08-28,2922.0,2975.0,2912.7,2975.0,2947.9,1200344.0,35344.29
2014-09-01,2951.0,2989.8,2941.2,2975.0,2975.8,350208.0,10390.14
2014-09-02,2962.0,2997.5,2947.45,2996.0,2995.15,328652.0,9805.08
2014-09-03,2998.0,3010.15,2975.0,3001.0,3000.5,436286.0,13053.39
2014-09-04,2995.0,3009.7,2974.45,3000.0,3001.3,147927.0,4427.94
2014-09-05,2990.0,3007.0,2958.0,2993.0,2980.2,177514.0,5286.35
2014-09-08,2999.0,3017.8,2977.5,2996.0,3003.0,295933.0,8871.59
2014-09-09,2990.0,3027.85,2985.15,3007.0,3008.4,152450.0,4591.34
2014-09-10,3000.0,3014.0,2983.1,2995.0,3000.85,124155.0,3727.16
2014-09-11,3001.1,3005.0,2961.1,2980.0,2976.45,104179.0,3102.11
2014-09-12,2975.05,2992.5,2950.5,2956.0,2958.65,199142.0,5901.14
2014-09-15,2960.5,2998.0,2960.5,2982.0,2983.4,126871.0,3785.68
2014-09-16,2983.4,3032.95,2983.0,3011.7,3009.75,306885.0,9264.13
2014-09-17,3020.15,3096.0,3011.7,3080.0,3081.95,403959.0,12360.84
2014-09-18,3082.0,3199.95,3082.0,3190.0,3192.75,439284.0,13871.62
2014-09-19,3202.0,3240.0,3149.05,3215.0,3222.95,310686.0,9945.54
2014-09-22,3203.0,3237.25,3148.25,3194.9,3211.7,248814.0,7951.44
2014-09-23,3205.0,3254.8,3175.1,3202.45,3199.1,472174.0,15192.75
2014-09-24,3180.2,3242.9,3180.2,3230.0,3229.15,420681.0,13532.15
2014-09-25,3240.0,3356.5,3240.0,3305.8,3310.4,800883.0,26456.66
2014-09-26,3312.0,3316.6,3201.0,3225.75,3222.45,509168.0,16559.16
2014-09-29,3247.0,3277.9,3199.0,3225.0,3208.2,322436.0,10409.65
2014-09-30,3220.0,3254.65,3215.85,3226.2,3229.6,260681.0,8436.86
2014-10-01,3254.0,3277.0,3194.0,3210.05,3200.4,319889.0,10291.61
2014-10-07,3210.1,3215.0,3088.5,3095.0,3099.3,360765.0,11312.27
2014-10-08,3115.0,3118.0,2950.0,2960.0,2966.2,439272.0,13187.01
2014-10-09,2999.95,3044.95,2955.8,2985.7,2986.55,546636.0,16406.52
2014-10-10,2985.5,3044.9,2975.7,2995.0,2998.85,320923.0,9660.65
2014-10-13,2990.0,2990.0,2920.0,2940.0,2943.15,270180.0,7956.55
2014-10-14,2940.0,2995.0,2921.55,2938.45,2935.3,211160.0,6234.68
2014-10-16,2925.35,2965.0,2891.0,2899.0,2904.85,307740.0,9024.32
2014-10-17,2867.0,2966.9,2867.0,2914.0,2918.6,356005.0,10396.93
2014-10-20,2964.0,2988.2,2939.9,2969.75,2966.25,369017.0,10960.38
2014-10-21,2966.0,2974.0,2928.35,2968.7,2964.3,159559.0,4711.87
2014-10-22,2997.0,3050.0,2995.3,3047.0,3037.75,265998.0,8054.18
2014-10-23,3054.5,3063.2,3047.0,3060.0,3057.65,27145.0,829.99
2014-10-27,3190.1,3190.15,3075.05,3094.0,3105.8,312745.0,9744.84
2014-10-28,3115.05,3123.4,3057.1,3078.15,3081.1,200669.0,6182.37
2014-10-29,3076.5,3120.0,2997.2,3056.0,3045.6,692735.0,21126.24
2014-10-30,3078.0,3117.0,3075.95,3079.0,3094.9,486562.0,15049.75
2014-10-31,3100.0,3201.95,3097.0,3180.0,3168.3,292013.0,9157.29
2014-11-03,3189.9,3260.9,3168.7,3177.0,3181.3,309953.0,9896.3
2014-11-05,3199.9,3265.0,3172.05,3258.0,3252.05,484444.0,15554.1
2014-11-07,3275.0,3458.0,3232.15,3395.0,3397.15,824368.0,27824.34
2014-11-10,3429.0,3456.8,3399.4,3437.8,3442.25,356496.0,12236.58
2014-11-11,3449.9,3449.9,3401.0,3415.0,3418.35,303678.0,10376.29
2014-11-12,3422.0,3462.2,3419.5,3421.5,3439.7,178290.0,6140.7
2014-11-13,3430.3,3503.0,3365.1,3470.0,3468.25,331391.0,11424.03
2014-11-14,3478.0,3478.0,3405.5,3435.0,3435.05,192601.0,6603.13
2014-11-17,3435.0,3459.8,3424.95,3432.35,3439.75,203538.0,7010.84
2014-11-18,3450.0,3467.15,3423.0,3433.7,3432.95,184392.0,6341.88
2014-11-19,3450.0,3535.0,3430.0,3518.4,3523.05,374891.0,13068.16
2014-11-20,3568.0,3569.6,3513.3,3522.0,3528.65,234826.0,8299.58
2014-11-21,3527.0,3537.2,3501.8,3526.2,3530.8,119690.0,4216.67
2014-11-24,3520.0,3554.25,3505.05,3523.75,3522.0,183095.0,6453.88
2014-11-25,3520.0,3595.0,3460.0,3579.85,3573.2,329635.0,11648.25
2014-11-26,3580.0,3588.7,3507.1,3579.7,3575.25,224229.0,7971.43
2014-11-27,3565.0,3639.0,3532.1,3625.0,3610.9,275314.0,9904.43
2014-11-28,3619.9,3638.8,3594.3,3594.65,3606.25,235293.0,8497.19
2014-12-01,3602.0,3666.25,3602.0,3629.7,3628.45,214232.0,7798.45
2014-12-02,3628.0,3628.0,3580.1,3592.0,3591.4,172356.0,6192.55
2014-12-03,3577.0,3577.0,3488.95,3505.8,3501.95,460121.0,16190.08
2014-12-04,3521.0,3521.0,3461.3,3475.0,3475.55,325002.0,11318.4
2014-12-05,3477.95,3477.95,3386.1,3390.65,3395.5,319587.0,10937.29
2014-12-08,3395.9,3405.55,3310.55,3320.0,3315.4,361631.0,12052.8
2014-12-09,3330.0,3379.0,3320.0,3367.3,3354.85,358801.0,12011.48
2014-12-10,3380.0,3421.9,3340.0,3398.0,3401.6,253495.0,8592.54
2014-12-11,3379.7,3448.0,3331.0,3415.0,3429.5,219437.0,7478.91
2014-12-12,3411.0,3428.95,3360.5,3376.55,3377.75,187779.0,6379.74
2014-12-15,3349.0,3375.7,3302.1,3357.35,3355.65,186717.0,6250.0
2014-12-16,3311.65,3327.85,3119.9,3150.0,3142.35,1037122.0,32937.65
2014-12-17,3101.0,3213.0,3057.0,3160.0,3160.35,812529.0,25517.76
2014-12-18,3200.0,3220.0,3124.0,3160.5,3151.25,351199.0,11099.64
2014-12-19,3180.0,3220.0,3165.1,3190.35,3199.45,476395.0,15230.42
2014-12-22,3206.0,3255.0,3175.15,3240.0,3237.9,231377.0,7438.93
2014-12-23,3229.85,3236.5,3183.2,3200.0,3206.35,269079.0,8656.36
2014-12-24,3186.0,3186.0,3119.25,3138.05,3134.45,660003.0,20765.61
2014-12-26,3145.0,3157.4,3117.15,3137.0,3134.1,156285.0,4899.53
2014-12-29,3156.75,3164.2,3135.1,3139.05,3140.85,121066.0,3809.42
2014-12-30,3144.8,3190.0,3143.5,3188.5,3182.55,115136.0,3651.83
2014-12-31,3199.85,3261.0,3192.0,3233.15,3246.2,243993.0,7896.89
2015-01-01,3230.0,3235.0,3204.0,3210.0,3210.5,75642.0,2433.32
2015-01-02,3220.0,3242.65,3215.0,3224.9,3221.4,86014.0,2775.72
2015-01-05,3221.4,3221.4,3141.0,3146.0,3148.4,293765.0,9298.91
2015-01-06,3130.0,3130.0,3055.0,3055.0,3065.55,391335.0,12061.94
2015-01-07,3075.1,3078.05,3010.0,3040.5,3039.2,319437.0,9686.11
2015-01-08,3060.0,3094.05,3041.0,3064.0,3066.3,278836.0,8547.17
2015-01-09,3095.0,3170.0,3091.2,3159.0,3163.8,593638.0,18618.84
2015-01-12,3153.0,3214.0,3126.65,3210.0,3207.25,334222.0,10655.72
2015-01-13,3210.0,3238.0,3190.0,3223.0,3223.35,490674.0,15809.94
2015-01-14,3205.0,3223.2,3191.0,3220.0,3208.25,331309.0,10635.95
2015-01-15,3226.6,3253.95,3203.95,3240.0,3240.55,443672.0,14321.48
2015-01-16,3242.0,3295.0,3231.25,3257.4,3285.8,422004.0,13824.44
2015-01-19,3280.0,3330.0,3269.7,3328.9,3323.9,248669.0,8237.14
2015-01-20,3342.0,3342.0,3292.35,3300.0,3306.2,297710.0,9843.17
2015-01-21,3277.5,3348.9,3252.0,3332.0,3335.85,431156.0,14239.17
2015-01-22,3330.1,3365.0,3330.1,3360.0,3361.25,245798.0,8246.1
2015-01-23,3389.75,3389.75,3335.0,3335.0,3349.6,441479.0,14836.91
2015-01-27,3324.85,3324.85,3195.35,3201.0,3212.4,412304.0,13294.63
2015-01-28,3220.0,3245.0,3172.1,3239.95,3239.05,249711.0,8059.37
2015-01-29,3234.0,3380.0,3210.35,3362.1,3363.3,1401638.0,46437.49
2015-01-30,3370.0,3372.85,3201.0,3226.95,3233.25,632758.0,20595.56
2015-02-02,3179.75,3184.0,3135.1,3137.0,3139.1,386253.0,12180.75
2015-02-03,3102.0,3119.0,3074.9,3086.95,3087.15,522573.0,16157.42
2015-02-04,3105.0,3126.25,3085.0,3098.9,3096.9,214845.0,6680.63
2015-02-05,3088.0,3095.0,3061.2,3074.8,3072.05,422142.0,12972.33
2015-02-06,3075.0,3117.0,3030.0,3049.0,3044.3,244496.0,7518.18
2015-02-09,3033.0,3112.95,3007.0,3108.0,3099.1,352149.0,10818.84
2015-02-10,3111.05,3145.5,3075.0,3134.0,3130.5,338985.0,10573.86
2015-02-11,3140.3,3180.9,3123.95,3170.0,3152.4,232891.0,7347.71
2015-02-12,3195.0,3343.15,3192.35,3343.0,3331.2,457240.0,15007.98
2015-02-13,3360.0,3369.0,3321.0,3338.9,3343.95,211055.0,7054.9
2015-02-16,3352.0,3402.8,3338.15,3349.6,3351.25,149937.0,5059.39
2015-02-18,3317.0,3376.0,3312.1,3350.0,3354.25,209696.0,7007.98
2015-02-19,3347.05,3396.75,3312.7,3387.0,3382.9,171684.0,5777.39
2015-02-20,3398.0,3424.95,3371.0,3390.0,3403.9,151478.0,5160.77
2015-02-23,3402.2,3424.0,3362.6,3375.0,3389.8,415998.0,14114.77
2015-02-24,3375.0,3410.0,3340.4,3364.0,3359.75,216410.0,7299.21
2015-02-25,3375.0,3385.05,3265.0,3282.5,3279.35,405564.0,13476.33
2015-02-26,3253.0,3283.0,3227.0,3248.0,3252.2,497009.0,16180.67
2015-02-27,3249.0,3299.0,3201.0,3268.0,3278.05,433848.0,14154.73
2015-02-28,3284.6,3371.35,3260.1,3370.0,3349.05,106206.0,3522.58
2015-03-02,3363.0,3419.9,3332.1,3382.2,3386.65,272219.0,9229.56
2015-03-03,3409.0,3482.8,3363.15,3395.05,3407.9,399929.0,13736.99
2015-03-04,3407.9,3468.0,3370.6,3382.0,3390.45,290728.0,9952.52
2015-03-05,3388.1,3449.9,3388.1,3437.55,3441.5,280898.0,9644.14
2015-03-09,3451.9,3517.0,3451.9,3464.7,3467.55,234118.0,8144.77
2015-03-10,3480.0,3480.0,3410.75,3442.7,3437.3,222064.0,7670.96
2015-03-11,3458.85,3531.95,3368.05,3477.05,3468.0,309701.0,10731.07
2015-03-12,3470.0,3505.0,3415.2,3429.25,3432.8,368268.0,12671.44
2015-03-13,3459.0,3464.1,3358.5,3383.0,3376.55,194107.0,6587.57
2015-03-16,3390.0,3398.6,3300.15,3320.95,3313.0,217805.0,7285.88
2015-03-17,3360.0,3452.75,3351.0,3432.0,3437.45,354407.0,12081.55
2015-03-18,3444.9,3453.95,3400.0,3429.9,3427.05,170461.0,5841.26
2015-03-19,3470.0,3480.0,3411.05,3427.05,3424.7,277953.0,9580.11
2015-03-20,3438.2,3465.0,3371.5,3435.0,3426.6,307930.0,10552.7
2015-03-23,3430.0,3469.85,3428.5,3456.25,3458.65,189693.0,6558.76
2015-03-24,3499.0,3525.0,3463.0,3513.0,3511.45,522455.0,18306.37
2015-03-25,3525.0,3575.0,3504.0,3504.05,3510.6,393983.0,13892.51
2015-03-26,3470.0,3492.05,3351.5,3437.0,3445.7,537319.0,18569.52
2015-03-27,3434.9,3434.9,3360.2,3414.0,3415.4,243912.0,8271.52
2015-03-30,3457.8,3457.8,3373.0,3431.6,3425.3,281925.0,9642.32
2015-03-31,3454.0,3515.0,3454.0,3490.0,3488.75,280091.0,9778.93
2015-04-01,3541.0,3566.8,3501.7,3550.0,3533.65,282785.0,10001.75
2015-04-06,3530.0,3694.5,3529.0,3694.5,3677.85,436764.0,15804.12
2015-04-07,3668.0,3704.95,3645.2,3675.0,3684.85,232946.0,8560.74
2015-04-08,3675.0,3775.3,3662.15,3742.0,3755.45,443971.0,16560.79
2015-04-09,3755.05,3764.0,3679.0,3739.0,3740.25,309859.0,11520.23
2015-04-10,3746.0,3807.8,3706.35,3781.25,3797.4,215427.0,8098.32
2015-04-13,3780.0,3807.7,3731.5,3775.95,3795.35,263460.0,9944.93
2015-04-15,3780.0,3800.0,3731.65,3747.35,3753.6,293648.0,11087.26
2015-04-16,3730.0,3741.25,3663.2,3676.0,3680.3,233587.0,8626.85
2015-04-17,3665.4,3700.0,3620.0,3650.0,3647.15,258444.0,9443.54
2015-04-20,3650.0,3715.95,3540.2,3577.7,3567.0,302996.0,10959.2
2015-04-21,3575.9,3614.0,3452.0,3462.0,3462.0,387220.0,13515.73
2015-04-22,3490.05,3585.0,3488.0,3564.0,3570.3,339644.0,11989.73
2015-04-23,3579.2,3595.0,3509.0,3528.3,3528.8,171687.0,6069.26
2015-04-24,3510.5,3570.9,3470.35,3491.7,3484.15,186232.0,6516.33
2015-04-27,3505.0,3514.85,3355.1,3382.0,3385.6,544699.0,18507.67
2015-04-28,3387.0,3430.8,3340.85,3403.95,3412.25,276789.0,9359.09
2015-04-29,3413.0,3457.25,3350.0,3375.0,3382.45,233769.0,7912.39
2015-04-30,3380.0,3380.0,3276.5,3316.0,3310.25,801536.0,26506.05
2015-05-04,3330.0,3405.0,3316.0,3397.3,3395.05,252822.0,8544.37
2015-05-05,3390.0,3420.0,3351.05,3400.0,3402.65,314801.0,10656.82
2015-05-06,3390.0,3408.8,3283.05,3350.0,3353.4,407940.0,13667.5
2015-05-07,3311.2,3346.0,3250.05,3280.0,3282.9,419936.0,13771.5
2015-05-08,3349.0,3389.75,3303.0,3359.4,3350.45,268473.0,8987.6
2015-05-11,3380.0,3409.75,3338.75,3368.15,3359.7,243378.0,8210.92
2015-05-12,3391.0,3496.7,3362.85,3475.05,3468.9,1270952.0,43668.05
2015-05-13,3496.95,3530.0,3455.0,3495.2,3494.15,390519.0,13648.46
2015-05-14,3495.5,3539.9,3470.0,3510.05,3519.4,216864.0,7621.68
2015-05-15,3517.0,3517.0,3470.0,3492.0,3496.45,195407.0,6823.63
2015-05-18,3500.0,3634.0,3495.0,3625.0,3622.45,346822.0,12435.72
2015-05-19,3615.0,3692.65,3580.0,3633.0,3636.0,386982.0,14053.64
2015-05-20,3636.0,3682.0,3596.0,3607.0,3608.75,244898.0,8885.37
2015-05-21,3623.0,3649.55,3590.0,3612.0,3619.2,229870.0,8312.89
2015-05-22,3620.1,3660.0,3595.0,3640.0,3642.65,205401.0,7465.38
2015-05-25,3630.0,3663.8,3576.35,3583.0,3585.45,200209.0,7234.92
2015-05-26,3587.0,3605.0,3538.0,3553.5,3547.25,290429.0,10354.96
2015-05-27,3495.3,3598.5,3495.0,3586.8,3586.65,239924.0,8560.24
2015-05-28,3586.8,3600.0,3500.25,3548.0,3527.95,291373.0,10296.89
2015-05-29,3565.0,3573.05,3490.0,3528.0,3535.25,758340.0,26812.7
2015-06-01,3528.0,3572.0,3521.6,3525.0,3538.45,158443.0,5621.21
2015-06-02,3525.0,3531.1,3465.0,3466.0,3473.75,172239.0,6015.46
2015-06-03,3467.0,3475.0,3399.0,3427.0,3428.05,148267.0,5091.99
2015-06-04,3433.1,3469.7,3399.0,3433.0,3422.0,165515.0,5684.46
2015-06-05,3430.0,3471.8,3405.0,3422.0,3415.6,152444.0,5244.64
2015-06-08,3425.0,3448.0,3393.85,3405.0,3407.05,185488.0,6332.6
2015-06-09,3400.0,3400.0,3313.0,3327.0,3321.9,216150.0,7216.67
2015-06-10,3324.9,3379.65,3324.9,3365.0,3366.6,177338.0,5954.15
2015-06-11,3378.0,3378.0,3296.0,3315.0,3312.75,189438.0,6294.01
2015-06-12,3316.2,3339.95,3303.85,3317.0,3317.55,155667.0,5164.27
2015-06-15,3329.7,3365.8,3313.0,3320.45,3320.6,247434.0,8268.37
2015-06-16,3322.0,3335.3,3266.55,3281.0,3286.6,319571.0,10501.08
2015-06-17,3300.0,3363.7,3300.0,3351.0,3347.2,361275.0,12073.28
2015-06-18,3374.8,3413.7,3356.65,3395.05,3377.45,431976.0,14567.21
2015-06-19,3391.05,3426.7,3374.4,3380.0,3384.75,353245.0,11978.18
2015-06-22,3401.0,3430.0,3400.0,3429.0,3425.9,207202.0,7079.32
2015-06-23,3435.0,3448.8,3423.0,3445.0,3443.35,153325.0,5271.59
2015-06-24,3443.35,3475.0,3421.15,3425.05,3434.55,273833.0,9429.61
2015-06-25,3425.0,3509.35,3421.45,3480.0,3485.45,470610.0,16381.12
2015-06-26,3497.0,3540.0,3489.5,3525.05,3530.1,244886.0,8633.94
2015-06-29,3499.0,3541.0,3428.0,3541.0,3521.15,226048.0,7878.44
2015-06-30,3497.0,3565.0,3453.2,3555.7,3559.45,395298.0,13942.63
2015-07-01,3548.0,3608.1,3535.4,3570.0,3573.6,262688.0,9421.45
2015-07-02,3572.0,3589.95,3536.4,3536.4,3547.7,143678.0,5116.43
2015-07-03,3554.0,3599.9,3550.0,3588.0,3587.75,140977.0,5054.54
2015-07-06,3546.0,3732.75,3546.0,3718.85,3716.7,478311.0,17641.05
2015-07-07,3716.0,3754.0,3688.45,3739.9,3739.95,390509.0,14535.87
2015-07-08,3728.6,3770.35,3705.0,3730.05,3720.85,338025.0,12610.17
2015-07-09,3712.0,3758.9,3711.55,3738.0,3732.05,192861.0,7211.33
2015-07-10,3734.8,3764.35,3712.5,3750.0,3750.5,171271.0,6416.12
2015-07-13,3750.7,3790.0,3701.0,3762.35,3758.15,193021.0,7264.24
2015-07-14,3799.95,3828.35,3760.55,3777.0,3772.95,274928.0,10422.56
2015-07-15,3790.9,3819.95,3780.05,3811.1,3815.0,193212.0,7354.89
2015-07-16,3810.0,3879.0,3810.0,3865.1,3866.5,214247.0,8230.37
2015-07-17,3870.0,3888.4,3851.5,3883.0,3877.05,226660.0,8766.33
2015-07-20,3895.0,3933.95,3865.05,3931.0,3930.25,173872.0,6797.0
2015-07-21,3922.0,3922.4,3835.5,3850.0,3853.15,149292.0,5784.77
2015-07-22,3850.0,3898.05,3831.3,3850.0,3847.75,137981.0,5327.68
2015-07-23,3873.95,3964.9,3873.95,3925.0,3913.4,540423.0,21203.77
2015-07-24,3926.0,3939.0,3885.7,3914.0,3908.9,317579.0,12404.85
2015-07-27,3895.0,3910.1,3826.75,3870.0,3854.85,339715.0,13164.2
2015-07-28,3896.9,3910.0,3737.25,3757.7,3749.1,518983.0,19767.08
2015-07-29,3765.0,3784.5,3668.0,3724.4,3712.35,435550.0,16131.09
2015-07-30,3739.0,3934.0,3721.0,3930.0,3913.1,1330017.0,51181.18
2015-07-31,3967.0,4093.5,3956.05,4086.0,4076.1,704766.0,28456.26
2015-08-03,4090.1,4163.65,4044.65,4163.65,4143.9,364645.0,14997.56
2015-08-04,4150.95,4194.95,4113.6,4165.0,4161.75,400046.0,16624.09
2015-08-05,4173.1,4210.0,4140.15,4195.0,4191.8,288545.0,12053.38
2015-08-06,4222.0,4326.5,4222.0,4285.0,4266.6,465617.0,19959.47
2015-08-07,4258.0,4275.0,4230.0,4255.0,4258.85,214758.0,9138.36
2015-08-10,4257.0,4318.3,4243.25,4260.0,4259.7,292111.0,12502.55
2015-08-11,4281.0,4307.0,4184.95,4221.0,4223.85,274200.0,11613.69
2015-08-12,4228.2,4285.85,4204.0,4279.9,4275.0,286074.0,12172.69
2015-08-13,4294.0,4317.95,4247.1,4284.1,4291.75,233174.0,10010.84
2015-08-14,4313.0,4337.95,4228.0,4241.25,4257.75,270501.0,11574.47
2015-08-17,4219.0,4228.55,4159.35,4169.35,4181.45,216030.0,9066.14
2015-08-18,4204.5,4224.0,4159.15,4185.65,4191.35,420177.0,17614.66
2015-08-19,4230.0,4268.75,4197.05,4235.0,4231.3,556441.0,23527.85
2015-08-20,4251.0,4327.7,4251.0,4301.0,4295.6,681437.0,29288.37
2015-08-21,4312.95,4312.95,4211.2,4230.5,4244.05,415650.0,17624.17
2015-08-24,4150.0,4198.55,4024.2,4060.0,4043.25,401477.0,16409.82
2015-08-25,4076.0,4150.0,3932.0,4105.0,4105.35,454383.0,18401.69
2015-08-26,4105.0,4130.0,3971.0,4052.95,4061.2,440752.0,17904.41
2015-08-27,4122.0,4194.0,4085.4,4138.9,4130.1,647940.0,26777.04
2015-08-28,4230.0,4239.1,4158.75,4185.0,4180.75,294735.0,12378.47
2015-08-31,4199.6,4319.75,4180.8,4298.25,4302.65,463208.0,19766.95
2015-09-01,4304.85,4309.45,4205.0,4241.5,4249.1,497523.0,21174.94
2015-09-02,4249.9,4282.5,4177.3,4193.95,4200.15,335510.0,14212.45
2015-09-03,4234.95,4259.45,4195.2,4210.0,4209.2,209623.0,8842.78
2015-09-04,4200.0,4200.0,4025.0,4073.6,4052.85,365814.0,14867.7
2015-09-07,4080.0,4095.0,3930.0,3939.0,3946.5,225072.0,8996.67
2015-09-08,3947.1,4010.0,3851.65,4004.0,3977.55,416533.0,16361.82
2015-09-09,4060.0,4076.95,3956.7,4029.6,4041.05,733624.0,29369.38
2015-09-10,4018.05,4019.05,3960.0,3985.0,3973.55,608979.0,24207.67
2015-09-11,4018.0,4028.9,3966.1,4010.0,4014.2,396267.0,15854.02
2015-09-14,4021.5,4050.0,3977.0,4028.4,4042.7,413912.0,16607.74
2015-09-15,4030.0,4030.0,3980.75,3996.55,4005.5,361675.0,14480.73
2015-09-16,4024.95,4024.95,3988.05,3998.1,4010.4,345961.0,13857.42
2015-09-18,4038.0,4045.0,3997.0,4000.0,4005.85,549330.0,22044.2
2015-09-21,3999.3,3999.3,3941.0,3955.0,3957.3,211844.0,8389.88
2015-09-22,3999.95,3999.95,3904.0,3920.0,3929.7,266434.0,10555.97
2015-09-23,3909.7,3957.15,3857.0,3936.0,3934.5,175693.0,6897.16
2015-09-24,3950.0,3999.0,3936.65,3967.6,3970.25,519093.0,20630.32
2015-09-28,3992.0,4226.9,3970.0,4177.9,4191.25,914204.0,38105.23
2015-09-29,4138.4,4147.05,4020.0,4089.2,4081.45,515793.0,21068.58
2015-09-30,4088.0,4195.0,4080.0,4160.0,4162.35,549384.0,22840.79
2015-10-01,4213.75,4250.0,4190.0,4224.95,4232.95,397236.0,16768.25
2015-10-05,4230.0,4230.0,4164.25,4179.55,4180.25,314502.0,13153.06
2015-10-06,4232.0,4304.5,4220.0,4244.1,4246.5,335040.0,14300.58
2015-10-07,4246.0,4246.0,4186.65,4195.3,4195.55,266064.0,11178.99
2015-10-08,4224.0,4243.95,4201.0,4226.0,4225.2,328454.0,13866.57
2015-10-09,4261.0,4294.9,4235.9,4253.45,4257.85,265721.0,11330.04
2015-10-12,4221.0,4283.6,4155.95,4192.0,4187.5,242195.0,10211.68
2015-10-13,4200.0,4252.8,4172.7,4230.2,4228.05,265968.0,11189.29
2015-10-14,4230.0,4260.0,4180.05,4200.0,4196.85,220287.0,9272.17
2015-10-15,4200.0,4239.6,4186.25,4209.0,4207.45,253671.0,10685.45
2015-10-16,4206.4,4279.55,4160.25,4270.0,4264.95,203942.0,8610.33
2015-10-19,4230.1,4360.0,4210.35,4333.1,4347.6,336720.0,14482.68
2015-10-20,4370.0,4386.6,4270.65,4315.6,4319.7,363202.0,15734.34
2015-10-21,4265.0,4265.0,4163.0,4170.5,4173.6,909275.0,38100.52
2015-10-23,4190.0,4197.4,4141.35,4186.0,4188.4,1460561.0,60775.89
2015-10-26,4251.0,4261.0,4155.55,4205.0,4200.75,870946.0,36456.05
2015-10-27,4224.95,4225.0,4162.5,4180.0,4179.1,814250.0,34200.35
2015-10-28,4200.0,4200.0,4080.1,4122.0,4113.65,645418.0,26622.86
2015-10-29,4114.95,4240.0,4083.2,4205.0,4221.35,1215125.0,50939.34
2015-10-30,4261.0,4365.35,4230.0,4285.0,4279.9,1045396.0,44935.38
2015-11-02,4253.0,4315.15,4233.2,4294.0,4296.3,447520.0,19148.76
2015-11-03,4310.0,4345.0,4299.25,4338.0,4335.15,506774.0,21944.49
2015-11-04,4340.1,4379.2,4310.0,4320.0,4322.9,286491.0,12460.06
2015-11-05,4305.1,4328.2,4237.1,4250.25,4249.4,302249.0,12937.4
2015-11-06,4258.0,4292.0,3615.0,3631.0,3630.65,4015493.0,150296.61
2015-11-09,3570.0,3575.0,3445.95,3507.95,3501.15,1714348.0,60005.51
2015-11-10,3498.0,3498.0,3300.0,3303.35,3330.7,1893661.0,63920.8
2015-11-11,3283.1,3373.0,3253.2,3355.1,3360.05,573294.0,19086.21
2015-11-13,3316.0,3408.7,3298.0,3375.0,3389.6,1706696.0,57289.36
2015-11-16,3440.0,3525.0,3410.0,3510.0,3509.2,1305091.0,45416.08
2015-11-17,3460.0,3471.05,3410.1,3440.0,3441.3,788420.0,27121.8
2015-11-18,3423.0,3434.0,3360.0,3365.0,3366.95,743528.0,25136.54
2015-11-19,3400.0,3405.0,3137.85,3298.85,3281.1,3806366.0,124236.48
2015-11-20,3317.0,3377.15,3309.75,3350.1,3353.1,784238.0,26240.78
2015-11-23,3360.0,3423.8,3360.0,3415.0,3409.25,567770.0,19284.72
2015-11-24,3399.0,3409.0,3350.0,3386.2,3387.7,321508.0,10892.01
2015-11-26,3150.0,3199.9,3081.0,3110.0,3100.75,2741563.0,86089.8
2015-11-27,3130.0,3139.95,3047.05,3100.05,3099.3,1388236.0,42901.92
2015-11-30,3115.0,3138.0,3102.05,3110.0,3107.8,771131.0,24000.86
2015-12-01,3132.0,3224.45,3129.5,3210.0,3210.9,1184956.0,37789.31
2015-12-02,3225.0,3265.0,3220.0,3245.95,3251.65,835919.0,27169.51
2015-12-03,3247.0,3247.0,3201.15,3230.5,3223.65,392118.0,12635.16
2015-12-04,3194.2,3216.3,3180.0,3191.0,3195.5,325868.0,10418.24
2015-12-07,3202.95,3205.3,3152.35,3182.65,3179.9,346625.0,11021.27
2015-12-08,3148.8,3152.9,3043.0,3044.5,3063.2,878625.0,27206.37
2015-12-09,2967.95,3024.0,2951.5,2999.0,2995.2,1039562.0,31126.77
2015-12-10,2994.0,3037.7,2966.65,2982.0,2995.3,687090.0,20620.78
2015-12-11,2995.95,3023.95,2951.0,2967.9,2969.0,485851.0,14486.9
2015-12-14,2966.0,3017.0,2951.25,3014.95,3010.4,375312.0,11247.56
2015-12-15,3011.0,3041.95,2986.3,2990.0,2994.2,394765.0,11876.06
2015-12-16,3006.9,3043.0,2997.35,3008.0,3004.5,320807.0,9684.5
2015-12-17,3036.0,3063.95,3010.55,3028.0,3017.95,492375.0,14893.07
2015-12-18,3005.0,3008.25,2969.8,2972.0,2974.2,438497.0,13094.25
2015-12-21,2983.5,3029.5,2962.55,3007.95,3009.45,366770.0,11019.14
2015-12-22,3020.2,3032.0,2995.0,3000.1,3001.1,190308.0,5727.28
2015-12-23,3015.0,3031.25,3010.15,3031.0,3024.6,172714.0,5221.27
2015-12-24,3038.5,3049.05,3005.0,3012.0,3010.0,226574.0,6848.37
2015-12-28,3015.0,3129.0,3015.0,3123.0,3120.7,751910.0,23227.07
2015-12-29,3100.0,3147.15,3090.0,3090.8,3100.5,623330.0,19456.14
2015-12-30,3111.0,3172.0,3111.0,3116.0,3121.15,633284.0,19895.19
2015-12-31,3129.0,3155.0,3095.35,3103.0,3108.6,545901.0,17050.47
2016-01-01,3118.8,3123.0,3090.0,3100.0,3108.6,171860.0,5345.02
2016-01-04,3105.0,3120.0,3042.55,3058.05,3056.0,333993.0,10281.91
2016-01-05,3065.0,3085.4,3060.0,3074.0,3070.65,301505.0,9266.45
2016-01-06,3073.95,3092.0,3034.8,3040.8,3046.25,266798.0,8180.96
2016-01-07,3021.0,3021.0,2970.0,2992.0,2991.8,483903.0,14466.62
2016-01-08,2980.0,3032.0,2975.8,3015.0,3010.7,370871.0,11147.17
2016-01-11,2993.5,2994.0,2922.4,2928.6,2931.5,465979.0,13736.22
2016-01-12,2916.0,2942.9,2890.25,2926.0,2923.25,471582.0,13759.19
2016-01-13,2935.0,2949.3,2855.4,2901.0,2890.95,375169.0,10860.98
2016-01-14,2880.0,2925.0,2854.0,2924.0,2915.0,391322.0,11350.45
2016-01-15,2931.2,2965.0,2923.45,2938.05,2935.9,341129.0,10031.45
2016-01-18,2928.0,2950.7,2860.1,2870.0,2874.9,275436.0,7952.16
2016-01-19,2897.9,2945.7,2841.65,2919.1,2915.5,245196.0,7103.49
2016-01-20,2893.0,2903.0,2857.9,2871.05,2870.1,395332.0,11380.85
2016-01-21,2894.0,2894.0,2750.05,2759.0,2757.1,623985.0,17429.63
2016-01-22,2784.0,2911.85,2779.05,2879.0,2882.35,384416.0,10968.01
2016-01-25,2910.0,2926.0,2880.4,2903.0,2903.25,188627.0,5479.78
2016-01-27,2918.0,2982.0,2900.0,2966.35,2973.0,427213.0,12582.05
2016-01-28,2973.6,3029.8,2965.0,2997.85,3011.2,610150.0,18373.47
2016-01-29,2997.95,3119.95,2971.0,3111.0,3105.4,869984.0,26676.47
2016-02-01,3085.0,3138.0,3041.25,3049.95,3050.5,565741.0,17483.96
2016-02-02,3060.0,3107.6,3041.0,3054.9,3048.5,409389.0,12587.21
2016-02-03,3037.9,3037.9,2997.3,3023.1,3008.3,341917.0,10295.36
2016-02-04,3049.0,3049.0,2970.0,3011.65,3008.65,338121.0,10167.35
2016-02-05,3014.1,3124.0,2993.4,3105.5,3109.1,440268.0,13486.02
2016-02-08,3099.0,3124.0,3032.0,3063.1,3070.35,340587.0,10469.23
2016-02-09,3058.0,3115.0,2948.0,2952.0,2959.6,1121969.0,34018.72
2016-02-10,2900.0,2937.65,2825.0,2895.5,2885.05,639905.0,18372.88
2016-02-11,2900.0,2977.55,2852.0,2888.0,2885.35,786110.0,22960.81
2016-02-12,2914.9,2934.15,2825.3,2844.0,2847.45,508339.0,14564.62
2016-02-15,2872.3,2896.9,2813.05,2861.15,2859.05,380782.0,10895.01
2016-02-16,2862.2,2923.5,2845.15,2866.0,2855.65,330903.0,9510.14
2016-02-17,2879.1,2989.0,2879.1,2978.9,2960.7,727660.0,21311.32
2016-02-18,3050.0,3154.4,3020.0,3092.0,3103.6,1131720.0,35036.62
2016-02-19,3105.0,3105.0,3045.7,3053.35,3058.8,385596.0,11825.24
2016-02-22,3070.0,3117.8,3067.4,3110.3,3108.0,287606.0,8918.63
2016-02-23,3120.0,3149.0,3066.0,3070.55,3080.9,346246.0,10753.85
2016-02-24,3074.7,3074.7,3000.0,3014.9,3013.2,397286.0,12051.2
2016-02-25,3010.9,3022.75,2985.0,3000.0,2994.45,559966.0,16784.95
2016-02-26,3020.0,3029.8,2956.2,3010.05,2994.05,243075.0,7267.54
2016-02-29,2980.6,3076.0,2978.05,3039.5,3036.25,501895.0,15236.44
2016-03-01,3040.0,3049.45,3000.0,3029.0,3024.55,319452.0,9662.85
2016-03-02,3049.9,3074.9,3006.0,3018.9,3015.25,368531.0,11199.26
2016-03-03,3062.0,3201.0,3062.0,3178.5,3188.15,890037.0,27947.53
2016-03-04,3213.95,3283.0,3200.0,3250.0,3252.75,592633.0,19249.92
2016-03-08,3260.0,3270.0,3188.0,3222.25,3219.55,300671.0,9701.16
2016-03-09,3221.0,3226.1,3174.4,3219.0,3219.95,350396.0,11201.09
2016-03-10,3235.5,3235.5,3160.0,3175.85,3184.25,254726.0,8118.44
2016-03-11,3180.0,3222.2,3178.0,3216.9,3210.85,308167.0,9876.94
2016-03-14,3210.0,3247.0,3182.2,3228.9,3233.65,337823.0,10895.99
2016-03-15,3233.0,3233.0,3109.0,3133.0,3133.35,214848.0,6818.63
2016-03-16,3111.0,3163.7,3066.25,3156.65,3154.3,291791.0,9081.59
2016-03-17,3164.4,3165.1,3105.35,3117.0,3125.5,296397.0,9297.88
2016-03-18,3108.0,3178.0,3086.4,3164.0,3171.3,380871.0,11936.73
2016-03-21,3157.0,3199.0,3126.55,3180.0,3182.25,324841.0,10260.91
2016-03-22,3180.0,3199.9,3045.0,3050.05,3057.95,1035503.0,32049.55
2016-03-23,3060.0,3078.75,3031.0,3041.0,3047.9,404981.0,12370.87
2016-03-28,3038.0,3074.55,3014.1,3047.55,3035.65,380473.0,11582.79
2016-03-29,3030.0,3030.0,2887.15,2938.0,2941.3,506798.0,14966.38
2016-03-30,2971.1,3026.3,2925.45,3022.0,3015.65,361113.0,10763.8
2016-03-31,3022.0,3063.0,3003.5,3045.0,3035.2,662246.0,20091.59
2016-04-01,3020.2,3026.15,2965.15,2978.3,2979.95,317123.0,9477.81
2016-04-04,3008.0,3044.3,2997.0,3010.25,3011.75,306428.0,9247.95
2016-04-05,3005.0,3040.0,2992.1,3002.0,2999.9,283750.0,8548.17
2016-04-06,3009.0,3040.0,2970.1,3001.0,3001.45,229608.0,6892.19
2016-04-07,3005.0,3075.0,3005.0,3021.1,3035.75,358564.0,10918.23
2016-04-08,3050.0,3089.45,3030.3,3031.0,3039.15,220953.0,6759.2
2016-04-11,3029.15,3035.0,2995.0,3021.65,3029.25,228551.0,6890.68
2016-04-12,3050.0,3098.0,3050.0,3083.0,3082.75,287065.0,8844.17
2016-04-13,3100.0,3122.7,3085.05,3104.0,3099.5,363972.0,11294.31
2016-04-18,3104.0,3109.0,3021.9,3080.0,3091.05,452004.0,13910.44
2016-04-20,3116.0,3130.0,3099.35,3103.1,3108.75,355057.0,11062.36
2016-04-21,3119.0,3139.9,3108.75,3131.75,3131.2,307712.0,9622.27
2016-04-22,3117.9,3160.0,3117.9,3131.05,3141.95,242973.0,7641.82
2016-04-25,3158.45,3168.9,3097.55,3110.0,3116.15,180448.0,5631.83
2016-04-26,3117.0,3134.85,3100.5,3120.0,3120.25,177384.0,5531.3
2016-04-27,3099.8,3135.0,3086.0,3130.0,3130.75,193289.0,6020.02
2016-04-28,3129.9,3144.0,3071.6,3071.95,3083.35,328312.0,10195.35
2016-04-29,3100.0,3108.0,3067.0,3086.0,3088.7,387595.0,11968.28
2016-05-02,3080.95,3080.95,3005.0,3009.5,3011.8,213113.0,6452.97
2016-05-03,3009.0,3028.0,2951.5,2952.0,2959.35,348671.0,10401.9
2016-05-04,2949.0,2959.0,2920.0,2940.25,2933.3,234042.0,6873.68
2016-05-05,2939.0,2952.0,2911.0,2935.0,2929.55,201887.0,5924.49
2016-05-06,2919.95,2919.95,2859.95,2861.95,2866.3,244112.0,7027.68
2016-05-09,2851.0,2869.85,2822.0,2840.0,2840.05,393782.0,11202.1
2016-05-10,2864.0,2962.0,2850.25,2927.9,2924.45,447419.0,13056.18
2016-05-11,2913.6,2913.6,2855.05,2868.0,2868.7,363176.0,10465.97
2016-05-12,2871.0,2988.0,2844.05,2975.0,2971.45,1731193.0,50622.23
2016-05-13,2899.9,2943.7,2884.7,2920.0,2917.2,675622.0,19738.26
2016-05-16,2926.8,3028.0,2926.8,2991.05,3002.4,726130.0,21826.48
2016-05-17,3012.95,3037.0,3009.1,3020.0,3017.75,307133.0,9274.82
2016-05-18,3015.5,3045.0,3000.0,3028.0,3025.3,251459.0,7599.79
2016-05-19,3049.5,3049.5,3015.0,3025.0,3025.6,362518.0,10962.35
2016-05-20,3040.0,3045.0,3022.0,3039.95,3033.8,227540.0,6896.72
2016-05-23,3020.0,3047.3,3019.05,3034.0,3029.8,239049.0,7246.05
2016-05-24,3025.0,3040.0,3015.1,3027.0,3025.15,176991.0,5352.65
2016-05-25,3020.0,3075.0,3020.0,3059.1,3051.55,209454.0,6391.85
2016-05-26,3062.4,3110.0,3060.05,3090.0,3090.7,281507.0,8690.18
2016-05-27,3084.0,3138.0,3075.15,3111.0,3116.05,181796.0,5664.38
2016-05-30,3112.0,3176.35,3112.0,3172.0,3170.25,275475.0,8709.7
2016-05-31,3173.55,3198.7,3160.0,3194.0,3183.1,556364.0,17695.14
2016-06-01,3190.0,3219.9,3172.1,3183.0,3183.15,194240.0,6191.06
2016-06-02,3172.0,3198.75,3166.7,3181.5,3177.05,238424.0,7574.08
2016-06-03,3187.0,3196.95,3142.3,3165.0,3160.1,338635.0,10704.88
2016-06-06,3156.4,3169.0,3126.3,3157.75,3151.2,398816.0,12557.76
2016-06-07,3140.15,3183.0,3132.0,3158.0,3155.95,599266.0,18897.87
2016-06-08,3149.0,3165.8,3135.0,3135.1,3137.95,236533.0,7447.12
2016-06-09,3098.7,3099.0,3062.25,3075.2,3070.95,570485.0,17532.72
2016-06-10,3055.25,3093.05,3050.0,3067.0,3065.8,296281.0,9088.1
2016-06-13,3069.0,3102.25,3068.0,3100.0,3088.25,396694.0,12234.61
2016-06-14,3088.0,3109.2,3080.0,3099.0,3097.3,269932.0,8347.47
2016-06-15,3095.0,3095.0,3077.4,3088.0,3086.75,217791.0,6720.11
2016-06-16,3086.75,3089.0,3032.0,3042.0,3048.25,1081548.0,33226.1
2016-06-17,3081.0,3094.9,2999.8,3000.0,3002.95,1066355.0,32602.02
2016-06-20,3006.0,3064.0,3006.0,3059.0,3056.95,142430.0,4333.0
2016-06-21,3079.0,3094.0,3038.0,3052.0,3049.05,132471.0,4060.11
2016-06-22,3069.0,3134.0,3064.85,3104.8,3105.1,306725.0,9536.01
2016-06-23,3108.35,3178.95,3108.35,3178.0,3171.55,216400.0,6831.36
2016-06-24,3110.0,3166.95,3085.0,3142.05,3153.25,298357.0,9329.06
2016-06-27,3132.0,3268.0,3132.0,3248.0,3246.6,416390.0,13314.79
2016-06-28,3240.0,3285.0,3235.15,3266.5,3273.05,401840.0,13132.4
2016-06-29,3299.0,3321.95,3259.3,3274.0,3274.7,424039.0,13963.7
2016-06-30,3328.2,3393.1,3316.0,3385.0,3381.7,612595.0,20547.54
2016-07-01,3430.0,3505.75,3430.0,3482.1,3484.1,549082.0,19109.76
2016-07-04,3555.6,3558.45,3418.3,3440.0,3435.0,340516.0,11803.94
2016-07-05,3440.0,3480.05,3430.0,3446.5,3450.55,316769.0,10930.85
2016-07-07,3469.9,3546.0,3468.0,3542.2,3524.8,602096.0,21096.4
2016-07-08,3537.05,3572.0,3495.0,3562.15,3561.25,214618.0,7571.37
2016-07-11,3582.0,3639.0,3573.6,3630.0,3626.45,267863.0,9655.17
2016-07-12,3627.0,3631.9,3566.05,3600.0,3596.35,281101.0,10099.83
2016-07-13,3605.0,3626.7,3555.0,3599.75,3615.6,186326.0,6696.82
2016-07-14,3593.7,3602.15,3560.0,3577.65,3583.2,217026.0,7776.12
2016-07-15,3581.0,3613.8,3563.75,3604.0,3588.0,273690.0,9833.5
2016-07-18,3586.25,3610.0,3544.0,3560.95,3567.75,227145.0,8122.22
2016-07-19,3567.0,3603.0,3563.05,3585.0,3585.9,182944.0,6553.92
2016-07-20,3594.0,3689.85,3590.0,3663.95,3676.65,302483.0,11042.97
2016-07-21,3664.0,3664.0,3595.4,3599.8,3617.0,241834.0,8782.15
2016-07-22,3613.8,3641.7,3579.05,3587.9,3599.85,317079.0,11429.09
2016-07-25,3570.0,3579.15,3465.0,3489.0,3482.35,561154.0,19622.81
2016-07-26,3488.0,3517.95,3290.1,3304.75,3319.65,1535245.0,52194.69
2016-07-27,3020.1,3069.4,2958.25,2964.0,2980.2,4718843.0,142086.91
2016-07-28,2989.0,3018.8,2952.9,2962.95,2959.75,1143813.0,34184.27
2016-07-29,2966.0,2977.0,2925.1,2930.0,2935.35,689747.0,20375.86
2016-08-01,2953.0,3002.95,2948.1,2975.0,2980.5,622422.0,18530.12
2016-08-02,2989.0,2999.0,2965.0,2978.0,2977.35,409460.0,12227.68
2016-08-03,2974.5,2977.0,2930.0,2939.6,2939.15,347593.0,10264.91
2016-08-04,2958.6,2981.8,2931.1,2964.05,2962.45,300510.0,8905.74
2016-08-05,2982.45,3015.0,2970.75,3009.0,3008.7,297666.0,8914.86
2016-08-08,3029.8,3044.75,3009.0,3035.85,3036.2,403194.0,12226.77
2016-08-09,3040.0,3058.3,3021.05,3037.0,3038.3,242010.0,7350.6
2016-08-10,3032.0,3032.0,2988.0,2998.0,2999.65,249862.0,7501.46
2016-08-11,2994.95,3023.65,2973.3,3005.0,3010.85,227978.0,6845.31
2016-08-12,3007.7,3022.0,2984.0,3009.05,3011.15,241831.0,7270.37
2016-08-16,3009.0,3017.95,2982.0,3009.0,3006.85,304625.0,9140.45
2016-08-17,2982.1,3019.9,2982.1,3005.0,3004.65,352651.0,10593.73
2016-08-18,3030.0,3043.0,3015.65,3023.45,3027.2,264740.0,8013.99
2016-08-19,3030.0,3035.85,3003.0,3014.4,3010.15,173886.0,5238.61
2016-08-22,3018.0,3024.75,2983.0,3015.5,3013.0,173379.0,5215.96
2016-08-23,3023.0,3023.85,2995.0,3012.2,3009.2,217792.0,6546.15
2016-08-24,3025.0,3044.0,3007.2,3043.55,3039.8,253913.0,7695.96
2016-08-25,3051.0,3078.0,3041.0,3060.0,3050.3,464797.0,14215.75
2016-08-26,3060.0,3071.05,3025.0,3044.0,3040.4,234513.0,7132.64
2016-08-29,3055.0,3059.0,3017.5,3050.0,3052.15,145863.0,4441.82
2016-08-30,3064.0,3100.0,3041.0,3095.0,3090.75,215601.0,6622.14
2016-08-31,3097.5,3130.15,3079.8,3095.0,3089.85,478195.0,14838.93
2016-09-01,3070.05,3108.9,3066.3,3093.05,3097.65,272305.0,8416.89
2016-09-02,3097.1,3139.0,3082.1,3123.0,3123.05,196230.0,6104.7
2016-09-06,3131.0,3145.0,3115.5,3132.0,3133.05,132545.0,4154.02
2016-09-07,3136.0,3157.65,3115.65,3136.0,3138.85,152585.0,4788.3
2016-09-08,3153.15,3198.0,3142.0,3185.0,3188.45,200512.0,6358.92
2016-09-09,3172.5,3225.0,3170.6,3188.95,3193.3,199532.0,6391.77
2016-09-12,3153.0,3185.0,3132.0,3140.0,3137.6,167467.0,5276.97
2016-09-14,3149.95,3170.0,3135.0,3166.0,3157.8,140534.0,4429.43
2016-09-15,3163.9,3179.8,3132.05,3135.1,3139.45,111813.0,3521.54
2016-09-16,3141.0,3178.15,3135.0,3138.25,3150.15,208363.0,6578.23
2016-09-19,3167.0,3174.9,3141.0,3153.15,3157.35,132885.0,4201.52
2016-09-20,3170.0,3200.0,3150.35,3156.9,3157.8,281154.0,8922.4
2016-09-21,3162.0,3179.0,3135.0,3161.9,3153.0,250048.0,7889.28
2016-09-22,3152.0,3175.5,3142.15,3145.6,3149.3,287608.0,9084.61
2016-09-23,3169.0,3186.95,3150.4,3180.0,3182.2,155117.0,4919.0
2016-09-26,3184.0,3220.0,3161.05,3191.0,3199.65,232152.0,7424.22
2016-09-27,3195.0,3220.0,3180.0,3191.0,3190.7,174707.0,5589.6
2016-09-28,3199.2,3227.7,3187.65,3203.0,3200.35,237167.0,7618.18
2016-09-29,3200.0,3209.8,3111.15,3154.9,3135.4,432211.0,13612.36
2016-09-30,3128.0,3129.0,3058.3,3105.0,3107.4,237178.0,7369.72
2016-10-03,3114.6,3185.0,3114.6,3157.95,3160.55,216126.0,6838.53
2016-10-04,3179.0,3179.0,3142.4,3147.95,3148.35,158540.0,4997.88
2016-10-05,3148.0,3149.9,3105.0,3119.95,3123.15,180975.0,5654.47
2016-10-06,3115.0,3119.85,3060.0,3075.0,3077.15,160530.0,4955.57
2016-10-07,3070.0,3082.0,3045.0,3056.0,3054.3,180517.0,5512.5
2016-10-10,3054.0,3098.8,3039.0,3085.0,3078.65,317015.0,9753.12
2016-10-13,3070.8,3084.75,3027.6,3055.0,3050.15,387997.0,11829.02
2016-10-14,3062.95,3062.95,3021.6,3033.0,3031.25,412160.0,12517.17
2016-10-17,3030.0,3055.85,3012.0,3028.65,3028.95,200948.0,6084.84
2016-10-18,3035.0,3054.0,3021.0,3045.0,3045.35,155252.0,4724.24
2016-10-19,3046.0,3074.0,3046.0,3072.15,3065.5,214329.0,6557.44
2016-10-20,3075.1,3090.0,3055.6,3079.0,3078.8,100966.0,3104.07
2016-10-21,3099.0,3143.0,3088.6,3122.0,3113.6,313753.0,9789.71
2016-10-24,3120.0,3132.25,3072.1,3090.9,3089.25,273795.0,8468.66
2016-10-25,3108.9,3209.0,3068.5,3198.0,3200.6,1112884.0,34951.26
2016-10-26,3206.0,3254.9,3153.15,3236.0,3242.3,492547.0,15812.66
2016-10-27,3260.0,3332.95,3242.2,3320.0,3324.8,690885.0,22821.31
2016-10-28,3320.0,3399.9,3316.7,3355.0,3363.45,549677.0,18542.23
2016-10-30,3362.8,3372.75,3309.3,3319.0,3324.8,36017.0,1201.13
2016-11-01,3328.0,3361.75,3302.95,3330.0,3326.6,311593.0,10377.47
2016-11-02,3311.0,3340.0,3250.0,3262.35,3260.8,400036.0,13212.68
2016-11-03,3270.0,3290.0,3255.05,3270.55,3262.35,160820.0,5254.12
2016-11-04,3168.0,3168.0,3066.8,3092.0,3079.7,632010.0,19598.44
2016-11-07,3124.0,3154.95,3081.05,3100.0,3106.65,229170.0,7154.91
2016-11-08,3111.0,3147.0,3099.0,3126.45,3119.0,303003.0,9468.37
2016-11-09,3001.0,3341.0,2960.05,3294.8,3282.55,663975.0,21184.37
2016-11-10,3310.0,3333.35,3265.05,3272.0,3278.25,313597.0,10354.89
2016-11-11,3228.0,3300.85,3228.0,3268.9,3256.25,334735.0,10910.89
2016-11-15,3256.5,3330.0,3256.5,3301.2,3310.7,319006.0,10541.65
2016-11-16,3335.0,3354.95,3195.0,3220.75,3210.95,336964.0,10917.44
2016-11-17,3182.5,3225.0,3156.1,3215.0,3207.15,232127.0,7439.83
2016-11-18,3244.0,3258.0,3142.1,3210.0,3214.85,218696.0,7003.22
2016-11-21,3194.1,3194.7,3111.05,3135.1,3134.4,243056.0,7657.31
2016-11-22,3135.0,3152.75,3075.35,3125.0,3121.65,213368.0,6642.96
2016-11-23,3100.0,3146.0,3095.05,3130.9,3128.6,309620.0,9667.57
2016-11-24,3135.0,3148.55,3085.0,3095.0,3111.7,296984.0,9265.77
2016-11-25,3124.0,3203.65,3076.0,3170.0,3168.45,304161.0,9581.16
2016-11-28,3170.5,3190.5,3161.0,3173.85,3172.9,204391.0,6486.85
2016-11-29,3173.85,3202.8,3160.0,3190.0,3188.25,242305.0,7716.87
2016-11-30,3205.0,3217.95,3178.4,3201.05,3196.9,604650.0,19327.09
2016-12-01,3205.0,3247.25,3195.75,3240.2,3238.75,212223.0,6866.83
2016-12-02,3184.0,3205.8,3151.8,3177.0,3180.5,341050.0,10849.91
2016-12-05,3197.5,3197.5,3118.55,3179.85,3168.15,406294.0,12824.47
2016-12-06,3181.0,3211.95,3179.85,3198.0,3195.9,115027.0,3677.04
2016-12-07,3185.0,3209.0,3170.55,3184.85,3183.8,153459.0,4894.49
2016-12-08,3160.0,3241.55,3143.0,3209.0,3211.7,262911.0,8411.45
2016-12-09,3217.0,3217.0,3165.1,3179.0,3186.4,116457.0,3711.63
2016-12-12,3189.0,3189.0,3138.65,3142.0,3147.9,111321.0,3517.55
2016-12-13,3159.0,3180.0,3144.4,3163.0,3166.85,79614.0,2518.43
2016-12-14,3164.0,3167.25,3139.95,3152.0,3147.7,89670.0,2827.15
2016-12-15,3152.0,3159.8,3101.7,3106.0,3107.5,122591.0,3826.92
2016-12-16,3117.0,3133.0,3101.45,3107.0,3107.8,160034.0,4983.15
2016-12-19,3110.0,3115.0,3055.1,3069.8,3068.85,217810.0,6712.11
2016-12-20,3075.3,3088.0,3036.2,3060.0,3046.5,250155.0,7629.27
2016-12-21,3052.0,3067.0,3020.2,3036.7,3036.85,234240.0,7111.36
2016-12-22,3023.35,3040.0,3001.0,3012.0,3012.35,252985.0,7620.06
2016-12-23,3001.1,3040.7,2980.1,2987.35,2998.55,143259.0,4317.18
2016-12-26,2990.0,3028.0,2979.1,2983.95,2986.0,106615.0,3201.39
2016-12-27,2988.0,3040.0,2983.0,3040.0,3034.95,135597.0,4087.26
2016-12-28,3038.2,3111.75,3037.75,3064.9,3069.55,147327.0,4536.74
2016-12-29,3069.55,3081.95,3041.6,3068.0,3066.25,190759.0,5842.2
2016-12-30,3075.0,3075.0,3047.1,3056.0,3060.4,177049.0,5418.94
2017-01-02,3066.0,3117.0,3066.0,3078.5,3083.4,95526.0,2956.12
2017-01-03,3095.0,3114.95,3065.75,3072.0,3072.4,110920.0,3426.31
2017-01-04,3096.25,3113.3,3075.05,3091.0,3091.3,235845.0,7293.08
2017-01-05,3088.65,3145.0,3076.0,3139.6,3136.25,243653.0,7594.57
2017-01-06,3148.8,3203.85,3145.7,3168.0,3159.15,354039.0,11241.33
2017-01-09,3154.0,3154.0,3051.85,3060.1,3060.2,280298.0,8605.71
2017-01-10,3070.85,3074.0,3035.15,3042.0,3041.85,246022.0,7508.59
2017-01-11,3055.05,3060.0,3021.95,3046.9,3042.45,277037.0,8435.54
2017-01-12,2977.0,3019.1,2943.0,3010.0,3008.5,434390.0,13009.72
2017-01-13,2992.0,3004.0,2975.0,2979.0,2979.75,197516.0,5898.61
2017-01-16,2999.0,3007.0,2965.35,2990.0,2985.3,201640.0,6018.32
2017-01-17,2988.05,3000.0,2970.75,2975.0,2976.55,117685.0,3511.34
2017-01-18,2976.6,2982.2,2942.0,2945.0,2948.05,431020.0,12748.45
2017-01-19,2958.0,2974.75,2933.45,2940.0,2940.25,281420.0,8296.5
2017-01-20,2940.0,2959.7,2920.0,2940.0,2947.4,240877.0,7070.85
2017-01-23,2939.0,2959.95,2904.0,2929.65,2923.65,239373.0,7001.02
2017-01-24,2940.25,2979.8,2931.75,2972.8,2973.35,199296.0,5899.58
2017-01-25,2975.0,3009.0,2955.65,3005.0,2996.3,327631.0,9778.08
2017-01-27,2970.0,3011.55,2960.0,2993.0,2994.55,192111.0,5743.99
2017-01-30,2990.0,3043.9,2984.05,3018.0,3017.05,192634.0,5827.17
2017-01-31,3024.0,3042.0,3012.2,3014.0,3018.8,144631.0,4376.3
2017-02-01,3021.1,3032.95,2944.1,3003.0,3001.2,266573.0,7947.01
2017-02-02,3003.1,3139.5,2982.05,3097.15,3097.05,503874.0,15503.98
2017-02-03,3110.0,3159.0,3082.95,3154.95,3144.55,276520.0,8652.75
2017-02-06,3170.0,3177.0,3045.9,3090.0,3096.8,496961.0,15356.49
2017-02-07,3095.0,3110.0,3047.0,3066.0,3065.1,193317.0,5959.53
2017-02-08,3067.95,3067.95,3001.0,3014.0,3015.45,382685.0,11573.76
2017-02-09,3022.0,3029.4,3003.0,3021.0,3023.1,188798.0,5701.36
2017-02-10,3024.9,3034.35,2970.0,2975.95,2976.05,315001.0,9422.32
2017-02-13,2980.95,2988.25,2955.45,2963.0,2966.95,150555.0,4469.43
2017-02-14,2971.8,2971.8,2935.0,2937.0,2941.45,280718.0,8287.55
2017-02-15,2940.0,2943.95,2906.2,2909.45,2911.35,191099.0,5578.82
2017-02-16,2914.1,2942.5,2798.95,2925.0,2923.2,1367869.0,39452.45
2017-02-17,2926.0,2953.75,2900.0,2905.75,2912.7,897496.0,26253.19
2017-02-20,2922.4,2925.05,2890.0,2890.85,2898.75,560362.0,16256.74
2017-02-21,2898.0,2935.1,2885.1,2892.95,2894.05,1524490.0,44227.36
2017-02-22,2902.0,2927.0,2894.25,2897.0,2903.2,856440.0,24929.08
2017-02-23,2924.0,2924.0,2875.0,2886.0,2887.4,747359.0,21651.53
2017-02-27,2884.7,2886.85,2846.7,2860.0,2857.0,714981.0,20439.72
2017-02-28,2870.25,2873.0,2845.0,2846.05,2849.95,542658.0,15525.67
2017-03-01,2855.0,2948.8,2850.1,2917.45,2923.3,898063.0,26166.9
2017-03-02,2909.9,2909.9,2862.4,2865.0,2870.5,425852.0,12275.46
2017-03-03,2881.55,2893.8,2863.6,2865.0,2871.1,291202.0,8386.68
2017-03-06,2884.0,2884.0,2851.0,2853.15,2858.85,212010.0,6070.29
2017-03-07,2869.0,2883.2,2850.0,2854.8,2852.3,209860.0,6005.3
2017-03-08,2849.0,2872.75,2823.0,2840.0,2846.8,366171.0,10430.36
2017-03-09,2770.0,2783.0,2700.0,2702.1,2704.85,2195287.0,59960.78
2017-03-10,2708.9,2732.9,2701.0,2715.0,2715.85,548845.0,14909.11
2017-03-14,2746.7,2754.85,2716.7,2741.0,2741.0,497842.0,13620.56
2017-03-15,2724.0,2756.0,2724.0,2740.0,2739.6,277868.0,7620.51
2017-03-16,2750.0,2765.0,2745.05,2752.7,2751.7,311899.0,8594.55
2017-03-17,2753.0,2753.0,2724.0,2733.0,2736.25,363382.0,9943.15
2017-03-20,2742.0,2746.0,2730.0,2735.6,2734.35,401080.0,10974.86
2017-03-21,2730.0,2730.0,2600.0,2610.0,2623.25,1453633.0,38253.7
2017-03-22,2570.7,2659.9,2555.2,2636.25,2629.65,886183.0,23204.13
2017-03-23,2625.0,2647.7,2620.0,2624.0,2631.2,316119.0,8323.17
2017-03-24,2630.8,2645.0,2616.35,2626.0,2628.35,345182.0,9091.35
2017-03-27,2617.0,2647.8,2615.0,2630.0,2631.95,356219.0,9386.51
2017-03-28,2640.0,2649.05,2626.25,2635.1,2637.75,151537.0,3997.99
2017-03-29,2639.85,2643.3,2625.0,2632.0,2633.65,327782.0,8631.96
2017-03-30,2630.1,2646.05,2606.1,2616.95,2613.25,719999.0,18883.82
2017-03-31,2614.0,2645.0,2614.0,2632.0,2632.35,295041.0,7764.94
2017-04-03,2644.8,2754.0,2627.1,2738.8,2744.45,688429.0,18702.96
2017-04-05,2745.0,2770.0,2673.0,2736.9,2741.35,1033667.0,28335.44
2017-04-06,2740.8,2748.2,2707.85,2710.0,2718.1,290413.0,7902.92
2017-04-07,2713.0,2713.0,2654.0,2655.0,2661.35,322812.0,8640.2
2017-04-10,2655.0,2670.75,2632.45,2637.1,2635.85,190492.0,5039.3
2017-04-11,2651.0,2653.0,2623.95,2629.0,2628.1,140229.0,3696.26
2017-04-12,2633.0,2651.9,2615.3,2650.4,2644.85,245231.0,6452.08
2017-04-13,2655.0,2666.0,2637.05,2642.4,2640.95,159436.0,4222.73
2017-04-17,2720.0,2723.5,2651.55,2662.05,2661.25,468108.0,12595.25
2017-04-18,2674.9,2683.0,2624.0,2634.95,2628.45,212817.0,5652.08
2017-04-19,2630.0,2636.0,2602.5,2615.0,2607.4,202446.0,5294.6
2017-04-20,2618.0,2630.0,2605.55,2610.1,2612.5,147833.0,3866.54
2017-04-21,2630.0,2635.0,2607.0,2612.95,2609.65,110154.0,2879.52
2017-04-24,2619.65,2626.75,2590.05,2610.05,2612.8,138856.0,3618.8
2017-04-25,2628.0,2651.6,2617.15,2647.0,2645.95,275155.0,7234.58
2017-04-26,2641.0,2650.35,2606.1,2612.0,2610.65,323504.0,8478.55
2017-04-27,2611.4,2625.0,2587.25,2592.0,2596.55,402022.0,10463.11
2017-04-28,2610.25,2612.85,2583.55,2598.0,2599.15,136374.0,3543.51
2017-05-02,2578.0,2616.75,2566.0,2583.0,2582.65,223344.0,5781.68
2017-05-03,2598.0,2604.8,2572.0,2598.0,2595.6,128240.0,3322.85
2017-05-04,2597.0,2619.9,2588.65,2604.4,2606.0,121309.0,3158.72
2017-05-05,2604.0,2625.0,2594.0,2597.25,2603.0,136837.0,3569.2
2017-05-08,2591.5,2610.95,2588.6,2598.0,2600.5,110278.0,2866.91
2017-05-09,2603.0,2604.0,2574.0,2575.85,2581.15,102353.0,2648.56
2017-05-10,2592.0,2622.9,2579.1,2597.0,2602.85,366931.0,9529.45
2017-05-11,2619.85,2619.85,2575.0,2593.3,2594.0,214170.0,5546.45
2017-05-12,2603.0,2615.0,2521.95,2575.0,2580.8,1230471.0,31752.95
2017-05-15,2600.0,2699.0,2592.0,2667.5,2675.8,946756.0,25140.38
2017-05-16,2690.8,2734.0,2690.8,2717.5,2724.1,440462.0,11985.77
2017-05-17,2720.0,2760.0,2686.55,2738.0,2736.9,409818.0,11194.08
2017-05-18,2695.0,2719.85,2672.2,2681.1,2678.95,282411.0,7607.61
2017-05-19,2694.95,2694.95,2637.0,2654.8,2656.45,260677.0,6932.56
2017-05-22,2680.0,2681.95,2602.1,2610.0,2608.7,154462.0,4049.62
2017-05-23,2618.8,2618.8,2542.8,2585.0,2579.45,284428.0,7318.91
2017-05-24,2573.0,2573.0,2510.0,2513.0,2516.8,366315.0,9289.75
2017-05-25,2507.4,2508.35,2398.0,2423.0,2427.7,808310.0,19759.77
2017-05-26,2500.0,2509.95,2403.8,2419.95,2414.4,721031.0,17559.83
2017-05-29,2430.1,2465.0,2380.35,2415.8,2425.85,543508.0,13197.11
2017-05-30,2419.95,2500.0,2416.15,2476.0,2481.35,437985.0,10874.62
2017-05-31,2490.0,2544.0,2464.0,2510.0,2523.85,786086.0,19824.35
2017-06-01,2540.0,2567.75,2513.9,2517.1,2522.8,324502.0,8241.2
2017-06-02,2535.2,2574.8,2525.15,2548.35,2554.5,293291.0,7490.88
2017-06-05,2543.15,2568.0,2520.1,2531.0,2535.85,224677.0,5714.25
2017-06-06,2534.95,2565.5,2516.0,2546.25,2549.3,172111.0,4374.38
2017-06-07,2538.0,2564.5,2516.05,2535.0,2540.65,247189.0,6286.55
2017-06-08,2545.5,2666.25,2545.5,2634.0,2636.25,845476.0,22260.53
2017-06-09,2650.0,2650.0,2602.0,2627.1,2628.8,206211.0,5412.09
2017-06-12,2626.3,2656.95,2617.05,2627.5,2630.25,138429.0,3647.62
2017-06-13,2633.2,2645.5,2612.05,2629.8,2626.7,135916.0,3572.51
2017-06-14,2668.0,2699.0,2645.4,2662.05,2669.3,748839.0,20011.69
2017-06-15,2662.7,2720.95,2655.0,2699.0,2700.5,694652.0,18761.56
2017-06-16,2714.2,2718.15,2631.0,2680.1,2682.6,370538.0,9891.72
2017-06-19,2672.0,2672.0,2640.55,2649.0,2657.45,441803.0,11734.16
2017-06-20,2660.35,2695.0,2653.6,2675.1,2676.05,196527.0,5250.86
2017-06-21,2675.0,2695.0,2655.75,2686.0,2687.05,179216.0,4800.12
2017-06-22,2690.1,2699.9,2618.55,2633.0,2635.6,171787.0,4568.33
2017-06-23,2636.1,2659.4,2614.8,2644.0,2643.7,232808.0,6144.35
2017-06-27,2630.25,2670.0,2630.25,2646.1,2653.1,265871.0,7053.9
2017-06-28,2631.0,2664.7,2625.15,2648.0,2651.75,191968.0,5080.52
2017-06-29,2651.2,2666.95,2640.05,2655.0,2651.5,181588.0,4815.03
2017-06-30,2650.0,2711.0,2645.0,2690.5,2690.1,327643.0,8804.26
2017-07-03,2700.0,2706.1,2665.0,2675.3,2682.55,144646.0,3873.09
2017-07-04,2668.1,2676.1,2610.3,2621.8,2623.7,264253.0,6958.56
2017-07-05,2621.5,2669.0,2621.5,2665.05,2664.95,181326.0,4800.24
2017-07-06,2664.95,2679.0,2642.1,2676.55,2667.9,124936.0,3325.57
2017-07-07,2669.8,2729.5,2667.25,2705.0,2705.4,284992.0,7736.36
2017-07-10,2733.3,2745.5,2700.0,2722.0,2726.2,40393.0,1104.01
2017-07-11,2730.0,2732.4,2683.0,2689.9,2691.25,160926.0,4366.08
2017-07-12,2693.85,2721.45,2668.65,2683.0,2690.1,213175.0,5744.77
2017-07-13,2693.25,2719.75,2683.0,2691.0,2694.0,137183.0,3706.06
2017-07-14,2699.15,2725.0,2686.4,2700.0,2703.0,195286.0,5281.54
2017-07-17,2697.4,2703.7,2682.3,2696.0,2697.25,201896.0,5444.08
2017-07-18,2690.0,2743.3,2687.55,2722.0,2718.95,301108.0,8212.82
2017-07-19,2723.0,2784.8,2720.35,2780.0,2774.0,364602.0,10069.56
2017-07-20,2774.95,2778.4,2742.3,2746.0,2750.1,187889.0,5180.26
2017-07-21,2738.0,2780.0,2727.0,2758.1,2762.55,282516.0,7784.39
2017-07-24,2785.0,2787.0,2688.9,2692.0,2696.45,517895.0,14013.2
2017-07-25,2696.45,2713.35,2680.0,2687.0,2692.15,374960.0,10098.62
2017-07-26,2708.0,2716.55,2680.9,2706.5,2707.35,174665.0,4709.6
2017-07-27,2710.0,2723.0,2587.0,2599.0,2620.35,1822665.0,48380.47
2017-07-28,2499.5,2506.55,2451.1,2465.2,2464.95,1548997.0,38383.01
2017-07-31,2438.0,2448.1,2375.0,2375.9,2383.2,1525068.0,36559.99
2017-08-01,2379.0,2458.0,2369.8,2426.0,2431.55,1034078.0,25175.34
2017-08-02,2435.1,2439.9,2372.4,2380.0,2378.55,570459.0,13686.66
2017-08-03,2388.0,2397.0,2314.35,2321.6,2323.95,777585.0,18312.52
2017-08-04,2315.0,2315.05,2230.1,2238.0,2239.55,1226639.0,27721.25
2017-08-07,2240.0,2257.0,2200.0,2202.0,2206.95,736078.0,16413.07
2017-08-08,2205.8,2206.95,2084.85,2089.0,2095.65,1360991.0,29180.74
2017-08-09,2090.9,2105.0,2032.5,2042.1,2048.35,1124987.0,23150.93
2017-08-10,2042.0,2099.0,1934.1,1945.1,1944.45,1540007.0,30924.01
2017-08-11,1925.05,2029.95,1901.15,2016.0,2011.15,1857913.0,36729.49
2017-08-14,2000.0,2039.9,1970.1,2002.0,2002.05,843270.0,16902.95
2017-08-16,1995.0,2017.8,1970.05,1992.45,2005.25,662136.0,13203.11
2017-08-17,2010.0,2031.9,1992.45,2007.9,2011.25,540131.0,10866.05
2017-08-18,1998.0,2007.55,1971.3,1981.05,1982.0,349297.0,6938.42
2017-08-21,1990.0,2001.0,1921.1,1934.5,1931.1,418295.0,8198.97
2017-08-22,1945.0,2014.0,1935.0,1978.8,1984.15,772164.0,15287.37
2017-08-23,1991.0,2053.45,1991.0,2028.3,2030.95,809996.0,16444.53
2017-08-24,2028.0,2100.0,2010.55,2080.0,2088.15,1124967.0,23277.82
2017-08-28,2084.0,2089.75,2027.1,2050.0,2049.4,844176.0,17318.13
2017-08-29,2049.0,2067.5,2032.0,2037.15,2042.05,607366.0,12447.79
2017-08-30,2047.0,2074.4,2031.4,2033.0,2038.9,401449.0,8252.36
2017-08-31,2044.0,2051.7,2006.0,2017.55,2020.9,837809.0,16959.51
2017-09-01,2115.0,2233.0,2115.0,2212.0,2217.55,3613589.0,78872.77
2017-09-04,2234.0,2236.4,2173.25,2181.9,2195.1,947235.0,20817.06
2017-09-05,2198.3,2218.35,2181.9,2203.0,2209.15,513527.0,11321.15
2017-09-06,2185.35,2208.0,2175.75,2191.35,2196.9,527252.0,11567.37
2017-09-07,2204.0,2235.0,2201.0,2215.0,2224.95,491394.0,10915.34
2017-09-08,2229.0,2229.0,2066.15,2161.0,2162.5,1719424.0,37082.96
2017-09-11,2169.0,2198.0,2154.0,2155.95,2159.5,445377.0,9687.31
2017-09-12,2165.0,2197.4,2135.4,2162.15,2165.75,517997.0,11212.85
2017-09-13,2187.0,2228.0,2169.15,2223.95,2217.35,755242.0,16670.42
2017-09-14,2234.0,2264.95,2230.0,2257.75,2253.35,613254.0,13788.58
2017-09-15,2225.2,2245.0,2201.1,2208.3,2211.2,672801.0,14921.74
2017-09-18,2204.0,2258.55,2175.6,2255.0,2242.05,730962.0,16183.14
2017-09-19,2232.0,2265.0,2200.0,2240.3,2241.55,566790.0,12698.1
2017-09-20,2250.0,2329.0,2240.0,2325.0,2314.7,1333098.0,30625.11
2017-09-21,2346.25,2500.0,2346.25,2490.0,2486.55,4057364.0,98992.18
2017-09-22,2494.0,2526.75,2446.55,2461.0,2457.75,1991351.0,49539.47
2017-09-25,2464.0,2475.0,2405.0,2428.2,2417.25,911049.0,22126.15
2017-09-26,2414.0,2415.0,2322.65,2369.95,2370.75,1424436.0,33787.82
2017-09-27,2360.0,2384.0,2281.1,2311.5,2304.7,935536.0,21854.16
2017-09-28,2300.0,2415.0,2272.2,2381.35,2375.4,2815633.0,66881.14
2017-09-29,2375.4,2390.7,2320.1,2330.5,2328.75,1133595.0,26670.21
2017-10-03,2415.0,2415.0,2320.45,2325.0,2335.55,978860.0,23112.03
2017-10-04,2342.0,2398.4,2319.55,2392.0,2387.6,1187980.0,28135.85
2017-10-05,2392.0,2428.4,2376.0,2379.05,2389.15,759504.0,18234.4
2017-10-06,2395.0,2409.9,2368.0,2377.0,2375.85,533762.0,12717.74
2017-10-09,2380.0,2433.0,2379.25,2409.85,2408.95,633048.0,15283.54
2017-10-10,2419.7,2431.25,2401.6,2409.0,2411.35,316335.0,7655.14
2017-10-11,2409.9,2420.05,2351.4,2375.0,2372.15,450295.0,10746.11
2017-10-12,2397.0,2397.0,2358.5,2380.0,2379.85,416094.0,9891.45
2017-10-13,2373.0,2379.6,2350.0,2354.5,2354.45,341789.0,8069.59
2017-10-16,2356.0,2411.0,2356.0,2397.75,2403.5,386658.0,9236.96
2017-10-17,2397.0,2397.0,2375.5,2380.1,2381.35,307110.0,7319.74
2017-10-18,2386.7,2404.0,2376.0,2389.0,2385.4,333114.0,7963.13
2017-10-19,2385.0,2387.0,2362.05,2376.9,2373.05,47303.0,1123.15
2017-10-23,2390.1,2415.0,2352.0,2366.2,2366.2,363956.0,8641.46
2017-10-24,2373.0,2382.3,2356.0,2363.65,2363.65,194673.0,4608.64
2017-10-25,2366.0,2395.1,2340.2,2353.05,2348.85,295696.0,7006.29
2017-10-26,2349.4,2357.95,2315.0,2345.05,2344.35,449242.0,10495.1
2017-10-27,2354.7,2410.0,2339.8,2393.65,2394.95,434936.0,10364.09
2017-10-30,2396.0,2465.0,2367.05,2430.0,2438.5,832219.0,20203.58
2017-10-31,2420.0,2504.0,2390.0,2428.2,2428.15,1957333.0,48105.9
2017-11-01,2412.0,2418.65,2348.0,2355.0,2354.2,1176092.0,27922.87
2017-11-02,2354.2,2440.0,2354.2,2405.0,2411.4,1239887.0,29898.78
2017-11-03,2434.7,2449.8,2392.95,2427.0,2419.1,576646.0,13944.93
2017-11-06,2414.0,2419.1,2380.65,2387.45,2392.25,283667.0,6813.11
2017-11-07,2402.2,2415.0,2337.5,2385.0,2378.0,518350.0,12312.09
2017-11-08,2380.2,2420.0,2340.0,2354.0,2346.6,432395.0,10308.14
2017-11-09,2368.6,2384.1,2340.2,2374.0,2370.1,345854.0,8158.32
2017-11-10,2369.8,2379.9,2340.0,2341.0,2347.85,209756.0,4930.15
2017-11-13,2354.7,2375.0,2330.05,2337.0,2344.1,299182.0,7035.17
2017-11-14,2348.7,2349.95,2310.05,2324.0,2320.3,279262.0,6514.16
2017-11-15,2324.4,2337.0,2293.0,2305.5,2310.15,224495.0,5204.75
2017-11-16,2322.1,2342.1,2315.0,2334.0,2333.55,282950.0,6588.43
2017-11-17,2333.55,2356.95,2303.0,2319.0,2322.6,274657.0,6387.87
2017-11-20,2337.0,2337.0,2260.15,2272.3,2274.45,273585.0,6294.37
2017-11-21,2275.2,2494.0,2275.2,2397.25,2394.15,2392882.0,56964.54
2017-11-22,2365.0,2384.95,2336.05,2359.0,2360.65,536873.0,12668.85
2017-11-23,2361.05,2367.0,2300.0,2309.0,2306.25,686743.0,15904.65
2017-11-24,2310.0,2322.9,2286.85,2292.0,2295.05,346100.0,7983.41
2017-11-27,2296.0,2305.8,2280.55,2294.0,2294.8,246222.0,5648.41
2017-11-28,2290.0,2304.0,2268.0,2281.05,2290.9,307103.0,7025.33
2017-11-29,2294.0,2319.9,2270.0,2270.65,2276.8,575033.0,13161.99
2017-11-30,2261.0,2312.15,2261.0,2286.0,2284.05,1452047.0,33197.45
2017-12-01,2280.0,2286.0,2222.5,2234.0,2233.9,529288.0,11954.56
2017-12-04,2275.0,2275.0,2229.05,2244.0,2242.4,295595.0,6641.91
2017-12-05,2247.0,2247.0,2202.1,2208.25,2209.35,285781.0,6324.24
2017-12-06,2208.0,2223.75,2194.4,2201.0,2200.2,260730.0,5755.58
2017-12-07,2208.0,2215.0,2188.0,2196.05,2196.35,234439.0,5158.35
2017-12-08,2206.1,2208.0,2179.35,2186.5,2185.45,383817.0,8400.9
2017-12-11,2198.7,2213.9,2171.0,2197.0,2192.9,377793.0,8298.82
2017-12-12,2324.5,2326.4,2233.8,2255.0,2256.35,1482214.0,33721.34
2017-12-13,2260.0,2287.35,2253.05,2264.0,2260.7,401576.0,9117.72
2017-12-14,2288.1,2319.7,2275.0,2313.75,2310.65,836204.0,19240.07
2017-12-15,2325.0,2380.0,2316.45,2370.0,2371.5,743680.0,17478.1
2017-12-18,2365.0,2428.0,2332.95,2394.0,2395.0,528351.0,12660.64
2017-12-19,2404.5,2421.6,2391.2,2404.0,2399.5,448959.0,10802.91
2017-12-20,2395.0,2395.0,2350.4,2360.0,2356.0,291975.0,6903.66
2017-12-21,2365.0,2374.7,2341.0,2350.9,2351.75,249941.0,5889.24
2017-12-22,2360.0,2363.0,2330.0,2335.0,2332.7,249602.0,5838.25
2017-12-26,2334.95,2367.0,2329.0,2361.0,2360.3,410936.0,9671.78
2017-12-27,2363.0,2424.05,2362.0,2395.1,2400.3,693520.0,16662.9
2017-12-28,2409.9,2448.4,2401.25,2438.0,2430.0,764680.0,18508.87
2017-12-29,2429.95,2445.95,2403.15,2414.25,2414.2,331967.0,8048.64
2018-01-01,2410.0,2436.0,2394.05,2408.0,2404.15,242081.0,5839.66
2018-01-02,2427.0,2439.0,2395.6,2405.0,2409.2,251537.0,6078.84
2018-01-03,2386.5,2386.5,2292.1,2340.55,2339.0,886002.0,20740.07
2018-01-04,2343.0,2420.0,2343.0,2414.8,2410.8,558617.0,13334.84
2018-01-05,2429.0,2479.0,2394.9,2470.0,2473.4,639900.0,15644.85
2018-01-08,2470.0,2512.0,2470.0,2479.0,2476.6,585871.0,14598.02
2018-01-09,2474.5,2475.75,2450.0,2455.0,2457.8,243824.0,6002.86
2018-01-10,2459.95,2472.0,2420.0,2427.1,2425.8,344328.0,8391.04
2018-01-11,2427.0,2451.0,2418.0,2424.8,2425.35,185159.0,4504.72
2018-01-12,2433.0,2453.85,2413.65,2449.0,2447.65,355780.0,8666.2
2018-01-15,2447.0,2461.25,2425.05,2435.0,2431.75,156821.0,3831.53
2018-01-16,2436.0,2484.0,2431.75,2468.05,2468.7,372133.0,9176.72
2018-01-17,2467.0,2506.0,2462.85,2491.95,2491.85,381788.0,9511.77
2018-01-18,2500.0,2534.0,2450.15,2452.0,2461.5,584198.0,14565.06
2018-01-19,2467.0,2505.0,2452.0,2486.1,2490.35,240896.0,5980.61
2018-01-22,2440.0,2519.0,2440.0,2506.3,2496.55,692415.0,17198.41
2018-01-23,2510.0,2549.95,2501.0,2520.15,2520.4,730091.0,18460.88
2018-01-24,2523.0,2615.0,2523.0,2561.5,2559.4,1126277.0,29004.55
2018-01-25,2554.0,2597.1,2453.2,2501.05,2507.75,2652030.0,66803.52
2018-01-29,2448.95,2452.0,2342.0,2360.0,2357.1,1154567.0,27610.06
2018-01-30,2356.0,2356.0,2285.2,2307.0,2306.15,858002.0,19830.94
2018-01-31,2293.0,2306.15,2203.55,2224.0,2225.35,1143907.0,25603.77
2018-02-01,2225.0,2225.0,2153.1,2160.0,2157.95,968321.0,21117.12
2018-02-02,2150.0,2211.05,2110.05,2112.05,2123.55,959646.0,20705.35
2018-02-05,2110.2,2139.0,2088.65,2128.0,2116.5,603638.0,12784.71
2018-02-06,2050.0,2124.0,2005.55,2084.0,2095.7,763234.0,15895.92
2018-02-07,2125.15,2147.0,2096.25,2103.0,2111.4,398161.0,8462.19
2018-02-08,2125.0,2196.0,2125.0,2180.0,2180.45,889623.0,19305.75
2018-02-09,2150.0,2208.0,2133.6,2193.8,2193.8,479123.0,10443.5
2018-02-12,2194.7,2229.75,2179.0,2199.85,2204.25,482626.0,10677.34
2018-02-14,2210.0,2226.0,2175.6,2179.0,2183.3,309833.0,6812.09
2018-02-15,2204.0,2219.0,2177.3,2198.0,2195.8,345185.0,7587.92
2018-02-16,2207.0,2240.0,2207.0,2212.0,2213.55,458897.0,10211.68
2018-02-19,2223.0,2233.95,2105.05,2155.0,2152.0,562310.0,12191.34
2018-02-20,2155.0,2196.5,2144.2,2169.0,2163.65,669025.0,14492.0
2018-02-21,2180.2,2202.0,2140.75,2174.95,2165.9,498005.0,10839.89
2018-02-22,2167.0,2172.6,2086.55,2124.1,2123.45,1665309.0,35289.16
2018-02-23,2142.4,2185.0,2135.05,2159.0,2167.05,743506.0,16112.32
2018-02-26,2120.0,2207.2,2090.0,2193.0,2193.8,1184749.0,25502.52
2018-02-27,2200.2,2241.55,2198.3,2236.0,2236.0,676152.0,15045.95
2018-02-28,2223.05,2266.95,2218.2,2234.0,2237.25,992777.0,22349.53
2018-03-01,2200.05,2239.75,2193.55,2229.0,2231.5,430777.0,9596.52
2018-03-05,2229.8,2239.9,2175.8,2182.15,2180.8,598344.0,13144.31
2018-03-06,2201.45,2223.8,2166.85,2176.5,2176.45,415000.0,9148.64
2018-03-07,2176.5,2204.3,2143.0,2150.1,2149.6,492494.0,10681.75
2018-03-08,2172.9,2182.0,2128.1,2156.0,2143.4,476763.0,10239.27
2018-03-09,2164.0,2182.8,2095.0,2122.15,2129.9,470814.0,10117.43
2018-03-12,2160.0,2163.7,2122.0,2155.55,2148.4,530428.0,11352.28
2018-03-13,2142.0,2194.15,2141.25,2185.0,2181.5,519269.0,11283.28
2018-03-14,2185.0,2196.0,2166.8,2184.55,2181.45,266769.0,5819.08
2018-03-15,2182.45,2218.4,2177.0,2178.65,2182.75,335767.0,7380.95
2018-03-16,2180.0,2209.0,2118.3,2154.0,2142.15,594361.0,12832.66
2018-03-19,2155.0,2170.0,2112.15,2120.2,2119.85,292149.0,6236.21
2018-03-20,2114.95,2162.9,2101.95,2156.6,2157.15,387372.0,8273.81
2018-03-21,2168.8,2179.85,2130.4,2145.0,2141.7,369060.0,7942.89
2018-03-22,2139.0,2150.75,2097.1,2110.0,2108.3,410402.0,8719.61
2018-03-23,2091.0,2101.9,2060.2,2068.15,2072.3,474396.0,9863.94
2018-03-26,2072.0,2109.75,2050.3,2095.05,2104.0,500280.0,10374.73
2018-03-27,2096.0,2119.0,2090.0,2106.0,2102.45,324567.0,6826.05
2018-03-28,2103.0,2113.6,2071.6,2073.6,2080.55,665647.0,13866.81
2018-04-02,2080.0,2138.0,2080.0,2130.9,2132.1,245975.0,5218.88
2018-04-03,2111.0,2149.85,2111.0,2122.3,2124.9,279023.0,5938.85
2018-04-04,2124.0,2125.25,2079.95,2086.15,2091.4,353719.0,7429.71
2018-04-05,2115.0,2135.6,2097.0,2112.0,2111.1,375110.0,7949.23
2018-04-06,2112.0,2133.6,2105.05,2122.0,2124.8,264845.0,5627.49
2018-04-09,2120.0,2135.4,2109.0,2120.0,2121.25,223287.0,4742.89
2018-04-10,2123.0,2135.0,2082.75,2114.9,2112.1,515981.0,10884.87
2018-04-11,2130.0,2133.05,2090.0,2100.7,2100.7,306020.0,6442.97
2018-04-12,2078.0,2078.0,2054.3,2060.0,2060.5,679256.0,14004.72
2018-04-13,2072.3,2096.0,2067.8,2087.9,2089.95,441352.0,9206.33
2018-04-16,2081.2,2110.0,2075.0,2102.5,2102.45,289585.0,6078.62
2018-04-17,2105.0,2117.15,2088.0,2105.0,2105.55,293638.0,6178.87
2018-04-18,2114.7,2117.25,2091.05,2100.0,2101.65,227808.0,4794.99
2018-04-19,2111.0,2140.0,2107.0,2135.0,2136.3,322550.0,6843.54
2018-04-20,2130.0,2145.95,2106.05,2118.0,2121.9,267337.0,5677.03
2018-04-23,2123.4,2142.0,2095.0,2138.9,2135.55,545145.0,11575.99
2018-04-24,2131.9,2180.0,2127.05,2151.45,2150.15,886215.0,19160.39
2018-04-25,2151.45,2155.95,2113.0,2116.45,2118.0,288899.0,6140.75
2018-04-26,2128.0,2147.2,2064.1,2089.8,2076.85,1355549.0,28336.6
2018-04-27,2098.0,2112.2,2082.0,2100.65,2097.75,319344.0,6702.17
2018-04-30,2110.8,2126.9,2098.05,2111.95,2109.85,222664.0,4705.53
2018-05-02,2116.4,2127.8,2102.05,2125.0,2118.2,198229.0,4201.36
2018-05-03,2122.2,2126.1,2087.65,2125.0,2121.1,180076.0,3794.65
2018-05-04,2130.0,2145.0,2097.9,2105.0,2106.6,364533.0,7726.23
2018-05-07,2110.0,2110.75,2055.0,2067.0,2069.5,344097.0,7121.73
2018-05-08,2090.0,2094.05,2065.0,2075.75,2074.95,250444.0,5200.85
2018-05-09,2075.85,2085.0,2058.5,2063.05,2064.35,254351.0,5259.61
2018-05-10,2055.0,2059.0,1982.0,1992.7,1989.6,660318.0,13310.8
2018-05-11,2003.5,2017.9,1960.0,1990.0,1990.5,604488.0,12016.81
2018-05-14,2012.0,2043.0,2012.0,2015.0,2017.75,581715.0,11803.5
2018-05-15,2017.75,2030.0,1978.2,2009.0,2008.5,404721.0,8102.6
2018-05-16,2006.0,2008.5,1985.0,2000.0,1993.95,274437.0,5474.68
2018-05-17,1995.8,1995.8,1950.1,1981.3,1977.15,466175.0,9193.82
2018-05-18,1982.8,1992.0,1967.35,1982.0,1982.0,507296.0,10049.18
2018-05-21,1991.0,1991.0,1887.0,1890.0,1893.05,505736.0,9683.04
2018-05-22,1902.5,2036.0,1890.0,2004.2,2009.6,2019136.0,39414.14
2018-05-23,1978.0,1993.9,1934.8,1951.3,1954.35,734078.0,14415.41
2018-05-24,1962.7,1985.2,1942.95,1975.9,1972.95,458454.0,9015.41
2018-05-25,1975.0,1995.8,1965.0,1967.85,1967.85,435249.0,8597.27
2018-05-28,1966.75,2012.05,1960.0,2000.0,1994.55,508364.0,10136.0
2018-05-29,2000.0,2014.55,1972.6,1977.0,1980.7,490670.0,9800.16
2018-05-30,1975.0,1975.0,1952.0,1957.5,1961.8,335848.0,6590.45
2018-05-31,1971.8,1971.8,1925.95,1927.85,1936.6,1860178.0,36074.45
2018-06-01,1940.0,1963.45,1932.35,1941.4,1941.4,441861.0,8607.78
2018-06-04,1978.0,2027.9,1965.0,1988.0,1996.0,1400421.0,28036.5
2018-06-05,1980.0,1987.55,1954.0,1963.0,1963.4,365344.0,7195.19
2018-06-06,1963.0,1977.9,1948.0,1961.0,1960.45,415605.0,8160.34
2018-06-07,1965.0,1976.95,1961.2,1962.0,1964.95,152700.0,3006.45
2018-06-08,1973.0,2072.6,1973.0,2059.95,2062.9,1113559.0,22660.89
2018-06-11,2062.05,2125.0,2051.65,2087.2,2083.2,1612295.0,33804.87
2018-06-12,2097.0,2195.0,2097.0,2195.0,2190.65,2097114.0,45417.76
2018-06-13,2190.0,2304.0,2185.0,2254.05,2256.3,2580254.0,58436.19
2018-06-14,2260.05,2299.65,2246.55,2277.45,2269.4,1588963.0,36055.87
2018-06-15,2303.0,2385.8,2296.25,2357.9,2349.85,4456911.0,104839.94
2018-06-18,2339.0,2411.0,2292.4,2403.2,2385.85,2310151.0,54173.99
2018-06-19,2403.2,2429.6,2376.55,2386.95,2393.0,2106466.0,50632.06
2018-06-20,2393.0,2409.9,2352.95,2370.0,2367.75,1149681.0,27290.43
2018-06-21,2389.0,2389.0,2306.5,2318.0,2316.4,1115131.0,25934.83
2018-06-22,2325.0,2347.5,2274.05,2336.0,2336.25,1667277.0,38531.72
2018-06-25,2305.0,2326.8,2281.0,2292.8,2290.15,1142767.0,26292.08
2018-06-26,2284.0,2285.0,2257.4,2261.0,2267.15,628148.0,14274.97
2018-06-27,2257.9,2306.8,2245.9,2288.3,2293.8,1552070.0,35363.22
2018-06-28,2289.0,2325.95,2272.2,2283.25,2295.75,1228463.0,28275.24
2018-06-29,2279.95,2284.0,2223.0,2233.0,2235.05,898423.0,20224.77
2018-07-02,2230.0,2260.55,2202.25,2239.1,2240.35,774325.0,17354.57
2018-07-03,2258.0,2284.0,2235.2,2274.4,2273.75,756573.0,17118.98
2018-07-04,2273.8,2338.0,2273.8,2318.2,2317.25,1065535.0,24705.27
2018-07-05,2329.95,2348.7,2287.75,2298.65,2298.65,830939.0,19337.56
2018-07-06,2300.0,2319.9,2255.85,2267.0,2269.05,556218.0,12751.75
2018-07-09,2282.0,2335.0,2281.95,2330.1,2330.05,729897.0,16952.77
2018-07-10,2345.6,2345.6,2303.0,2318.95,2321.85,665940.0,15450.31
2018-07-11,2301.0,2333.0,2275.0,2298.0,2301.35,820067.0,18903.42
2018-07-12,2326.7,2387.65,2326.65,2352.3,2357.25,1312367.0,31079.64
2018-07-13,2340.0,2366.4,2301.0,2315.0,2319.85,466927.0,10871.18
2018-07-16,2223.1,2223.1,2069.95,2083.0,2093.95,3721516.0,78639.31
2018-07-17,2060.0,2119.0,2057.05,2070.0,2065.3,1422184.0,29647.23
2018-07-18,2080.0,2096.55,2040.5,2060.0,2065.65,1219549.0,25150.38
2018-07-19,2077.8,2077.8,2025.0,2027.2,2029.2,762721.0,15625.59
2018-07-20,2026.0,2073.0,2020.0,2058.6,2051.9,755783.0,15541.26
2018-07-23,2073.0,2073.0,2032.5,2043.0,2041.7,587029.0,12017.94
2018-07-24,2043.0,2090.0,2043.0,2077.6,2077.6,1289377.0,26698.52
2018-07-25,2087.0,2097.5,2061.55,2086.9,2088.2,538614.0,11218.26
2018-07-26,2075.7,2191.0,2074.9,2110.0,2132.75,1913049.0,40712.68
2018-07-27,2135.0,2135.0,2067.4,2082.5,2083.2,896318.0,18727.09
2018-07-30,2080.05,2092.85,2058.3,2066.95,2067.2,807995.0,16733.45
2018-07-31,2075.0,2135.0,2070.6,2130.0,2127.8,1464380.0,30870.97
2018-08-01,2130.0,2182.0,2130.0,2175.0,2175.7,912903.0,19733.53
2018-08-02,2175.0,2237.95,2170.0,2227.0,2227.85,1039641.0,23062.39
2018-08-03,2236.0,2290.0,2230.0,2276.95,2281.05,1013107.0,23003.7
2018-08-06,2285.0,2325.0,2228.2,2238.7,2234.4,835775.0,18931.99
2018-08-07,2249.9,2281.45,2245.05,2261.5,2258.8,499910.0,11298.59
2018-08-08,2263.0,2280.0,2237.0,2250.1,2245.5,345399.0,7778.79
2018-08-09,2263.9,2263.9,2205.05,2240.0,2237.7,390701.0,8719.08
2018-08-10,2236.4,2256.9,2205.5,2221.5,2214.3,323888.0,7215.67
2018-08-13,2220.0,2249.0,2215.15,2248.0,2241.6,267323.0,5975.91
2018-08-14,2254.0,2291.0,2239.05,2279.0,2278.45,482038.0,10916.09
2018-08-16,2275.35,2361.45,2270.85,2357.6,2353.45,895988.0,20822.21
2018-08-17,2373.9,2411.3,2350.9,2362.95,2364.15,889022.0,21221.21
2018-08-20,2365.0,2396.95,2365.0,2380.0,2380.75,361318.0,8603.55
2018-08-21,2388.0,2427.9,2354.1,2423.2,2410.95,638958.0,15350.0
2018-08-23,2430.0,2520.0,2425.0,2467.9,2463.6,1624568.0,40169.17
2018-08-24,2475.0,2477.4,2425.6,2445.0,2447.45,576704.0,14120.62
2018-08-27,2453.0,2462.95,2426.5,2445.0,2443.1,457122.0,11164.47
2018-08-28,2450.0,2480.0,2407.05,2411.0,2414.5,750408.0,18284.84
2018-08-29,2420.0,2429.5,2377.5,2380.85,2383.85,638133.0,15302.6
2018-08-30,2385.0,2417.95,2375.05,2386.0,2380.15,1078598.0,25805.97
2018-08-31,2397.0,2499.0,2395.0,2492.0,2492.0,1981320.0,48618.42
2018-09-03,2510.0,2632.0,2495.0,2588.0,2593.4,3039924.0,78640.91
2018-09-04,2595.0,2615.0,2537.05,2547.6,2543.1,1036459.0,26567.52
2018-09-05,2549.3,2590.0,2518.5,2570.0,2567.7,1127153.0,28810.66
2018-09-06,2584.0,2620.0,2555.1,2568.6,2566.95,1084494.0,28040.54
2018-09-07,2575.0,2644.3,2545.6,2625.0,2632.5,1306632.0,34055.77
2018-09-10,2623.8,2659.8,2555.0,2561.1,2563.9,1323873.0,34358.73
2018-09-11,2578.45,2586.45,2507.1,2538.05,2524.45,1136931.0,28836.73
2018-09-12,2526.0,2574.45,2487.6,2535.0,2529.15,1248825.0,31573.23
2018-09-14,2555.9,2595.0,2550.05,2581.85,2581.85,677333.0,17434.99
2018-09-17,2581.0,2615.0,2547.9,2572.1,2568.5,691773.0,17885.58
2018-09-18,2579.9,2637.0,2570.0,2598.9,2584.15,1111458.0,29004.49
2018-09-19,2603.4,2636.0,2571.0,2620.8,2607.1,869947.0,22692.07
2018-09-21,2643.95,2670.8,2441.1,2576.7,2556.25,1411007.0,36737.16
2018-09-24,2577.8,2600.95,2529.3,2561.6,2553.95,688659.0,17655.21
2018-09-25,2570.6,2619.25,2550.25,2616.25,2611.7,759251.0,19709.76
2018-09-26,2617.7,2664.2,2591.0,2592.0,2600.85,1206238.0,31673.66
2018-09-27,2609.9,2620.35,2529.0,2546.2,2541.0,1050352.0,26826.79
2018-09-28,2559.0,2577.0,2484.55,2530.0,2530.65,1069703.0,27154.42
2018-10-01,2531.0,2540.7,2440.35,2512.0,2508.6,762356.0,18922.8
2018-10-03,2517.0,2549.0,2482.0,2489.0,2489.55,705888.0,17728.99
2018-10-04,2469.0,2493.95,2360.25,2365.05,2372.45,804214.0,19499.04
2018-10-05,2356.0,2429.1,2350.3,2385.0,2394.55,736953.0,17648.13
2018-10-08,2395.0,2407.75,2332.0,2341.95,2340.1,603789.0,14261.3
2018-10-09,2357.65,2477.0,2341.95,2465.55,2454.15,1127674.0,27311.73
2018-10-10,2465.0,2514.05,2456.0,2480.95,2484.6,893571.0,22154.26
2018-10-11,2412.05,2516.0,2408.0,2458.4,2459.0,548027.0,13501.65
2018-10-12,2460.0,2490.95,2432.45,2450.0,2450.5,925386.0,22788.45
2018-10-15,2461.1,2579.95,2443.4,2567.25,2566.85,1123276.0,28548.1
2018-10-16,2566.9,2590.0,2537.5,2568.95,2573.6,600003.0,15398.48
2018-10-17,2580.0,2599.0,2552.0,2566.0,2565.0,492009.0,12667.21
2018-10-19,2550.0,2582.9,2530.5,2546.0,2552.35,436984.0,11152.11
2018-10-22,2562.5,2582.65,2496.25,2525.0,2519.4,556392.0,14168.35
2018-10-23,2524.95,2546.25,2425.1,2481.0,2473.75,823509.0,20445.36
2018-10-24,2488.0,2497.0,2386.55,2420.0,2434.3,725644.0,17681.44
2018-10-25,2411.6,2444.95,2380.0,2400.95,2390.5,1339300.0,32163.35
2018-10-26,2391.4,2450.0,2368.05,2398.0,2404.55,1125652.0,27078.77
2018-10-29,2440.0,2559.0,2439.9,2531.65,2532.95,1030783.0,25982.91
2018-10-30,2530.7,2610.0,2515.25,2593.0,2594.3,971039.0,24994.0
2018-10-31,2438.95,2554.4,2423.05,2542.0,2542.45,2272822.0,56843.3
2018-11-01,2560.0,2574.45,2446.5,2465.5,2461.6,1370566.0,34315.36
2018-11-02,2465.5,2475.9,2403.55,2418.85,2423.25,880708.0,21444.92
2018-11-05,2440.0,2452.0,2391.0,2413.2,2420.9,529589.0,12806.83
2018-11-06,2418.7,2460.0,2412.0,2450.75,2450.85,378830.0,9231.63
2018-11-07,2460.0,2469.9,2442.0,2456.4,2452.95,77956.0,1914.98
2018-11-09,2465.0,2465.0,2389.0,2399.95,2400.0,1002927.0,24219.11
2018-11-12,2413.9,2437.85,2395.0,2418.2,2415.55,487888.0,11791.81
2018-11-13,2416.0,2451.0,2415.55,2440.0,2438.05,469698.0,11437.56
2018-11-14,2449.9,2470.0,2406.8,2455.0,2449.25,430253.0,10488.47
2018-11-15,2456.8,2497.95,2449.95,2460.0,2461.8,498725.0,12324.41
2018-11-16,2463.0,2496.8,2442.05,2472.9,2477.05,425810.0,10533.3
2018-11-19,2545.5,2545.6,2490.0,2522.05,2528.6,947022.0,23836.92
2018-11-20,2520.1,2520.1,2437.55,2438.25,2443.15,541117.0,13358.65
2018-11-21,2608.0,2655.0,2577.15,2600.45,2601.8,4485824.0,117239.39
2018-11-22,2580.0,2619.7,2575.6,2607.3,2608.7,1009204.0,26262.7
