Date,Open,High,Low,Close,Shares Traded,Turnover (Rs. Cr)
2012-11-22,5628.6,5643.35,5608.0,5627.75,94058612.0,3867.76
2012-11-23,5635.45,5637.75,5593.55,5626.6,85082220.0,3213.06
2012-11-26,5648.65,5649.2,5623.45,5635.9,79291426.0,3246.23
2012-11-27,5658.5,5733.2,5658.0,5727.45,134407735.0,5380.95
2012-11-29,5736.7,5833.5,5736.1,5825.0,207295475.0,9110.93
2012-11-30,5836.0,5885.25,5827.85,5879.85,257047977.0,10777.34
2012-12-03,5878.25,5899.15,5854.6,5870.95,113423350.0,4726.68
2012-12-04,5866.8,5894.95,5859.0,5889.25,131020191.0,4816.7
2012-12-05,5906.6,5917.8,5891.35,5900.5,139653957.0,5583.78
2012-12-06,5926.3,5942.55,5838.9,5930.9,140267080.0,5667.65
2012-12-07,5934.0,5949.85,5888.65,5907.4,127607078.0,5722.45
2012-12-10,5916.05,5919.95,5888.1,5908.9,95975757.0,4339.84
2012-12-11,5923.8,5965.15,5865.45,5898.8,137415161.0,6403.06
2012-12-12,5917.8,5924.6,5874.25,5888.0,132665649.0,6117.63
2012-12-13,5900.35,5907.45,5841.35,5851.5,136616335.0,5976.15
2012-12-14,5846.9,5886.1,5839.15,5879.6,115159830.0,5012.83
2012-12-17,5860.5,5886.05,5850.15,5857.9,109547002.0,4998.19
2012-12-18,5873.6,5905.8,5823.15,5896.8,148907334.0,6740.66
2012-12-19,5917.3,5939.4,5910.8,5929.6,149439204.0,6731.27
2012-12-20,5934.45,5937.6,5881.45,5916.4,123911218.0,5390.76
2012-12-21,5888.0,5888.0,5841.65,5847.7,141152911.0,5603.96
2012-12-24,5869.0,5871.9,5844.7,5855.75,85336999.0,3433.98
2012-12-26,5864.95,5917.3,5859.55,5905.6,83871326.0,3447.53
2012-12-27,5930.2,5930.8,5864.7,5870.1,139613235.0,5955.51
2012-12-28,5887.15,5915.75,5879.5,5908.35,89669021.0,3863.47
2012-12-31,5901.2,5919.0,5897.15,5905.1,64809641.0,3021.71
2013-01-01,5937.65,5963.9,5935.2,5950.85,77902745.0,3298.74
2013-01-02,5982.6,6006.05,5982.0,5993.25,116057389.0,4992.9
2013-01-03,6015.8,6017.0,5986.55,6009.5,99989933.0,4883.13
2013-01-04,6011.95,6020.75,5981.55,6016.15,113232990.0,5191.38
2013-01-07,6042.15,6042.15,5977.15,5988.4,110248018.0,5093.62
2013-01-08,5983.45,6007.05,5964.4,6001.7,109937502.0,5247.74
2013-01-09,6006.2,6020.1,5958.45,5971.5,129635568.0,6462.35
2013-01-10,5998.8,6005.15,5947.3,5968.65,129767384.0,6191.88
2013-01-11,6012.4,6018.85,5940.6,5951.3,128022002.0,8228.71
2013-01-14,5967.2,6036.9,5962.15,6024.05,134711348.0,7279.83
2013-01-15,6037.85,6068.5,6018.6,6056.6,138364003.0,6978.26
2013-01-16,6049.0,6055.95,5992.05,6001.85,128985952.0,6172.67
2013-01-17,6001.25,6053.2,5988.1,6039.2,178954867.0,7569.17
2013-01-18,6059.85,6083.4,6048.3,6064.4,186460701.0,8321.15
2013-01-21,6085.75,6094.35,6065.1,6082.3,130866385.0,6065.99
2013-01-22,6080.15,6101.3,6040.5,6048.5,129041713.0,5744.09
2013-01-23,6052.85,6069.8,6021.15,6054.3,136989190.0,5932.29
2013-01-24,6046.2,6065.3,6007.85,6019.35,185210189.0,7884.14
2013-01-25,6024.5,6080.55,6014.45,6074.65,147587200.0,6384.65
2013-01-28,6082.1,6088.4,6061.4,6074.8,113113004.0,5592.39
2013-01-29,6064.7,6111.8,6042.45,6049.9,157553752.0,8261.34
2013-01-30,6065.0,6071.95,6044.15,6055.75,124222858.0,6220.8
2013-01-31,6045.65,6058.05,6025.15,6034.75,168516750.0,8753.14
2013-02-01,6040.95,6052.95,5983.2,5998.9,159271140.0,6189.27
2013-02-04,6025.2,6038.5,5981.25,5987.25,141741868.0,6166.05
2013-02-05,5948.2,5970.35,5946.9,5956.9,136227506.0,5332.28
2013-02-06,5988.05,5990.9,5953.15,5959.2,157815926.0,5865.83
2013-02-07,5936.45,5978.5,5927.6,5938.8,157647191.0,5555.4
2013-02-08,5929.1,5953.7,5883.65,5903.5,192607376.0,6761.75
2013-02-11,5920.05,5924.15,5879.1,5897.85,121958667.0,5506.43
2013-02-12,5894.35,5927.65,5886.45,5922.5,142844560.0,4844.11
2013-02-13,5943.15,5969.5,5922.95,5932.95,142636632.0,5714.83
2013-02-14,5933.2,5940.2,5884.55,5896.95,143830565.0,7125.55
2013-02-15,5869.95,5899.95,5853.9,5887.4,125091945.0,5187.91
2013-02-18,5888.65,5911.0,5878.45,5898.2,114284193.0,4187.19
2013-02-19,5900.2,5947.55,5883.15,5939.7,100984778.0,3743.8
2013-02-20,5966.3,5971.0,5937.55,5943.05,135354164.0,5330.7
2013-02-21,5909.65,5921.15,5844.4,5852.25,159401234.0,6407.29
2013-02-22,5837.95,5873.8,5835.8,5850.3,157046865.0,5487.58
2013-02-25,5870.55,5878.4,5825.0,5854.75,125128736.0,4851.54
2013-02-26,5838.3,5838.85,5748.6,5761.35,157360222.0,5842.04
2013-02-27,5784.9,5818.2,5749.7,5796.9,175165933.0,6202.31
2013-02-28,5834.35,5849.9,5671.9,5693.05,334852895.0,12964.2
2013-03-01,5702.45,5739.45,5679.9,5719.7,174517984.0,6877.59
2013-03-04,5704.7,5712.0,5663.6,5698.5,144887325.0,5778.72
2013-03-05,5722.45,5790.1,5722.4,5784.25,154406134.0,6321.31
2013-03-06,5816.4,5828.7,5795.05,5818.6,156901392.0,6244.47
2013-03-07,5801.3,5878.0,5801.3,5863.3,134679762.0,5676.89
2013-03-08,5883.65,5952.85,5883.0,5945.7,150781148.0,6214.19
2013-03-11,5946.1,5971.2,5930.35,5942.35,125384918.0,5688.38
2013-03-12,5944.6,5952.0,5893.65,5914.1,115944389.0,5098.38
2013-03-13,5884.8,5893.85,5842.25,5851.2,116710808.0,4950.09
2013-03-14,5845.95,5920.15,5791.75,5908.95,149008437.0,7204.09
2013-03-15,5914.9,5945.65,5861.0,5872.6,152156666.0,6984.19
2013-03-18,5816.75,5850.2,5814.35,5835.25,102663402.0,4690.01
2013-03-19,5859.5,5863.6,5724.3,5745.95,182311867.0,8255.03
2013-03-20,5740.55,5745.3,5682.3,5694.4,187624850.0,7103.68
2013-03-21,5705.9,5757.75,5647.95,5658.75,179177573.0,7053.93
2013-03-22,5659.8,5691.45,5631.8,5651.35,165293291.0,5909.38
2013-03-25,5707.3,5718.4,5624.4,5633.85,150388821.0,5683.44
2013-03-26,5613.75,5655.3,5612.05,5641.6,126500524.0,4939.19
2013-03-28,5647.75,5692.95,5604.85,5682.55,209658945.0,8372.35
2013-04-01,5697.35,5720.95,5675.9,5704.4,97779717.0,3683.38
2013-04-02,5701.7,5754.6,5687.15,5748.1,106423845.0,4262.15
2013-04-03,5740.2,5744.95,5650.1,5672.9,140713330.0,5313.95
2013-04-04,5640.65,5644.45,5565.65,5574.75,134586976.0,5000.44
2013-04-05,5568.1,5577.3,5534.7,5553.25,137461477.0,5281.57
2013-04-08,5550.5,5569.2,5537.05,5542.95,97021471.0,3673.21
2013-04-09,5568.75,5603.05,5487.0,5495.1,138184712.0,5485.91
2013-04-10,5536.25,5569.25,5477.2,5558.7,128558760.0,5387.08
2013-04-11,5601.65,5610.65,5542.85,5594.0,146828501.0,6469.38
2013-04-12,5520.7,5544.5,5494.9,5528.55,127323273.0,7447.27
2013-04-15,5508.5,5592.85,5500.3,5568.4,142918219.0,7133.92
2013-04-16,5562.45,5699.25,5555.85,5688.95,142679244.0,5943.06
2013-04-17,5708.65,5732.15,5669.0,5688.7,154575403.0,7304.1
2013-04-18,5682.7,5794.35,5681.85,5783.1,149883469.0,6588.7
2013-04-22,5789.85,5844.85,5789.8,5834.4,135095797.0,6073.25
2013-04-23,5843.1,5844.3,5791.55,5836.9,132218357.0,5366.87
2013-04-25,5856.1,5924.6,5853.3,5916.3,199597725.0,9211.66
2013-04-26,5899.75,5907.05,5860.5,5871.45,141311877.0,6840.01
2013-04-29,5877.6,5918.65,5868.8,5904.1,118882089.0,5364.86
2013-04-30,5932.6,5962.3,5867.8,5930.2,153186197.0,6699.02
2013-05-02,5911.4,6019.45,5910.95,5999.35,162376438.0,7277.43
2013-05-03,5993.5,6000.3,5930.15,5944.0,145754275.0,6590.91
2013-05-06,5944.9,5976.5,5928.45,5971.05,110166713.0,4612.49
2013-05-07,5983.45,6050.5,5982.95,6043.55,136372981.0,5572.16
2013-05-08,6064.15,6083.55,6024.95,6069.3,122278698.0,5159.97
2013-05-09,6078.35,6084.7,6040.45,6050.15,109997276.0,5164.76
2013-05-10,6046.25,6105.3,6045.6,6094.75,111351573.0,5162.22
2013-05-11,6088.2,6114.55,6084.15,6107.25,7991165.0,355.74
2013-05-13,6098.2,6104.95,5972.9,5980.45,107948706.0,4633.05
2013-05-14,5989.7,6026.2,5970.05,5995.4,119265483.0,4921.65
2013-05-15,6018.85,6157.1,6018.85,6146.75,153892843.0,7240.73
2013-05-16,6128.25,6187.3,6128.25,6169.9,158635506.0,6733.31
2013-05-17,6172.95,6199.95,6146.15,6187.3,147280254.0,5870.44
2013-05-20,6198.0,6229.45,6146.05,6156.9,122252978.0,5589.97
2013-05-21,6152.35,6180.25,6102.35,6114.1,130589228.0,5122.71
2013-05-22,6127.05,6147.6,6074.45,6094.5,133763685.0,5837.19
2013-05-23,6050.4,6081.45,5955.7,5967.05,198930489.0,8230.1
2013-05-24,6010.7,6015.3,5936.8,5983.55,161622562.0,6193.0
2013-05-27,5989.4,6099.9,5975.55,6083.15,115115365.0,4961.15
2013-05-28,6086.35,6127.65,6055.4,6111.25,139668916.0,5481.14
2013-05-29,6120.45,6125.05,6069.8,6104.3,120205054.0,5135.8
2013-05-30,6072.15,6133.75,6072.15,6124.05,194092801.0,7794.82
2013-05-31,6098.7,6106.25,5975.55,5985.95,175311989.0,7223.11
2013-06-03,5997.35,6011.0,5916.35,5939.3,112123535.0,5702.24
2013-06-04,5941.1,5981.6,5910.25,5919.45,114450873.0,4990.51
2013-06-05,5908.3,5935.2,5883.7,5923.85,110223279.0,4691.39
2013-06-06,5895.0,5956.55,5869.5,5921.4,114174694.0,4961.54
2013-06-07,5900.05,5972.7,5871.3,5881.0,118346364.0,4888.65
2013-06-10,5907.9,5931.65,5857.4,5878.0,100130739.0,4304.75
2013-06-11,5848.75,5868.05,5780.35,5788.8,180902123.0,6695.57
2013-06-12,5771.75,5792.9,5738.6,5760.2,140394424.0,5894.04
2013-06-13,5709.35,5729.85,5683.1,5699.1,142041404.0,5462.45
2013-06-14,5748.95,5819.4,5739.4,5808.4,124410018.0,5121.33
2013-06-17,5820.4,5854.9,5770.25,5850.05,107160887.0,4560.84
2013-06-18,5841.9,5863.4,5804.3,5813.6,117541145.0,4591.91
2013-06-19,5805.75,5828.4,5777.9,5822.25,115539008.0,4643.17
2013-06-20,5754.15,5755.0,5645.65,5655.9,198400131.0,7148.0
2013-06-21,5639.9,5686.15,5616.85,5667.65,182410583.0,6697.18
2013-06-24,5638.05,5640.0,5566.25,5590.25,193488581.0,6308.88
2013-06-25,5606.95,5666.25,5570.25,5609.1,196571543.0,6792.49
2013-06-26,5627.95,5635.25,5579.35,5588.7,160095940.0,5939.3
2013-06-27,5647.95,5699.35,5630.95,5682.35,239029425.0,9184.29
2013-06-28,5749.5,5852.95,5749.5,5842.2,214402430.0,8753.33
2013-07-01,5834.1,5904.35,5822.2,5898.85,144794030.0,5405.72
2013-07-02,5885.5,5898.8,5852.3,5857.55,145721790.0,5163.09
2013-07-03,5811.95,5815.0,5760.4,5770.9,160523863.0,5219.24
2013-07-04,5794.75,5848.2,5786.05,5836.95,151929179.0,5429.87
2013-07-05,5889.95,5900.45,5858.45,5867.9,123586417.0,4303.93
2013-07-08,5833.15,5833.85,5775.55,5811.55,127624733.0,4823.52
2013-07-09,5834.6,5864.95,5834.6,5859.0,110427867.0,4661.55
2013-07-10,5869.9,5879.35,5802.85,5816.7,117516350.0,4820.53
2013-07-11,5894.5,5948.85,5887.95,5935.1,120195681.0,4882.29
2013-07-12,6000.5,6019.0,5951.15,6009.0,127707078.0,6591.27
2013-07-15,5991.2,6038.2,5980.95,6030.8,116275729.0,4641.97
2013-07-16,5930.8,5966.05,5910.95,5955.25,151162819.0,5915.8
2013-07-17,5972.25,5989.8,5926.75,5973.3,191516153.0,8349.59
2013-07-18,5984.7,6051.1,5974.55,6038.05,171728134.0,7774.83
2013-07-19,6057.2,6066.85,6020.25,6029.2,163311714.0,7987.75
2013-07-22,6009.75,6064.15,6004.25,6031.8,115168337.0,5117.19
2013-07-23,6064.3,6093.35,6061.3,6077.8,126469251.0,5459.62
2013-07-24,6032.2,6047.25,5962.6,5990.5,151931749.0,6413.64
2013-07-25,5970.4,5990.65,5896.4,5907.5,237081135.0,8762.77
2013-07-26,5937.95,5944.5,5869.5,5886.2,174535664.0,6419.86
2013-07-29,5869.95,5886.0,5825.8,5831.65,173430612.0,4812.3
2013-07-30,5836.05,5861.3,5747.6,5755.05,181489174.0,6006.91
2013-07-31,5738.35,5752.1,5675.75,5742.0,235469131.0,8717.16
2013-08-01,5776.9,5808.5,5676.85,5727.85,216762208.0,7164.04
2013-08-02,5750.05,5761.85,5649.0,5677.9,222494469.0,6350.26
2013-08-05,5682.4,5721.0,5661.5,5685.4,197167952.0,5575.21
2013-08-06,5664.9,5664.9,5521.8,5542.25,216227972.0,6424.42
2013-08-07,5549.3,5561.45,5486.85,5519.1,245010773.0,7725.23
2013-08-08,5510.05,5577.6,5510.05,5565.65,204918722.0,6968.85
2013-08-12,5606.7,5644.1,5557.1,5612.4,195708484.0,7063.92
2013-08-13,5600.25,5704.75,5578.9,5699.3,222997337.0,7073.34
2013-08-14,5715.4,5754.55,5690.2,5742.3,223656483.0,6970.2
2013-08-16,5705.45,5716.6,5496.05,5507.85,248094094.0,8807.27
2013-08-19,5497.55,5499.65,5360.65,5414.75,219672819.0,6713.03
2013-08-20,5353.45,5417.8,5306.35,5401.45,261052792.0,7982.22
2013-08-21,5494.45,5504.1,5268.45,5302.55,255004311.0,8509.29
2013-08-22,5282.8,5418.95,5254.05,5408.45,284468531.0,9075.86
2013-08-23,5428.75,5478.8,5377.8,5471.75,251511910.0,7763.2
2013-08-26,5499.4,5528.7,5454.45,5476.5,241996358.0,6465.02
2013-08-27,5426.5,5427.4,5274.25,5287.45,306037010.0,8236.84
2013-08-28,5233.45,5317.7,5118.85,5285.0,335993745.0,10705.51
2013-08-29,5316.5,5428.9,5303.0,5409.05,326499273.0,10580.48
2013-08-30,5407.45,5493.3,5360.2,5471.8,336401705.0,11431.52
2013-09-02,5480.25,5564.9,5478.85,5550.75,214232444.0,6135.94
2013-09-03,5574.7,5580.95,5323.75,5341.45,250298844.0,7304.81
2013-09-04,5358.65,5460.25,5318.9,5448.1,237230494.0,7252.61
2013-09-05,5553.75,5625.75,5552.7,5592.95,274937515.0,9484.19
2013-09-06,5617.45,5688.6,5566.15,5680.4,253030740.0,8821.54
2013-09-10,5738.5,5904.85,5738.2,5896.75,275244175.0,10307.97
2013-09-11,5887.25,5924.35,5832.7,5913.15,265006808.0,7980.51
2013-09-12,5931.15,5932.0,5815.8,5850.7,272987246.0,7667.76
2013-09-13,5828.0,5884.3,5822.9,5850.6,190768447.0,6403.37
2013-09-16,5930.3,5957.25,5798.15,5840.55,219455842.0,7819.05
2013-09-17,5824.2,5857.8,5804.9,5850.2,157938740.0,5550.64
2013-09-18,5872.75,5916.9,5840.2,5899.45,153585493.0,5369.63
2013-09-19,6044.15,6142.5,6040.15,6115.55,287191701.0,11291.28
2013-09-20,6104.55,6130.95,5932.85,6012.1,318645265.0,11587.18
2013-09-23,5945.8,5989.4,5871.4,5889.75,188322506.0,6596.17
2013-09-24,5855.0,5938.4,5854.55,5892.45,187578148.0,7002.84
2013-09-25,5901.55,5910.55,5811.1,5873.85,200162195.0,6988.96
2013-09-26,5872.8,5917.65,5864.1,5882.25,220589737.0,7761.99
2013-09-27,5905.55,5909.2,5819.3,5833.2,163067913.0,5303.31
2013-09-30,5801.05,5810.2,5718.5,5735.3,155674706.0,5642.77
2013-10-01,5756.1,5786.45,5700.95,5780.05,159247089.0,5075.7
2013-10-03,5819.1,5917.6,5802.7,5909.7,199793235.0,7481.97
2013-10-04,5891.3,5950.45,5885.0,5907.3,191469248.0,6052.47
2013-10-07,5889.05,5912.0,5825.85,5906.15,156387945.0,5348.49
2013-10-08,5975.0,5981.7,5913.0,5928.4,158527593.0,5950.47
2013-10-09,5893.25,6015.5,5877.1,6007.45,192037125.0,6904.96
2013-10-10,6001.05,6033.95,5979.8,6020.95,159607329.0,6163.68
2013-10-11,6104.85,6107.6,6046.4,6096.2,180834257.0,8283.09
2013-10-14,6093.0,6124.1,6082.9,6112.7,142173640.0,5989.37
2013-10-15,6147.55,6156.3,6056.55,6089.05,218304334.0,6745.02
2013-10-17,6098.5,6110.75,6032.55,6045.85,230561463.0,8158.31
2013-10-18,6070.9,6201.45,6070.9,6189.35,250339955.0,8353.23
2013-10-21,6202.0,6218.95,6163.3,6204.95,196989071.0,7341.25
2013-10-22,6192.3,6220.1,6181.8,6202.8,161943721.0,5850.72
2013-10-23,6209.55,6217.95,6116.6,6178.35,188285223.0,6921.65
2013-10-24,6162.8,6252.45,6142.95,6164.35,176235553.0,6737.2
2013-10-25,6154.0,6174.75,6125.95,6144.9,144531462.0,5582.82
2013-10-28,6155.1,6168.75,6094.1,6101.1,146340691.0,5282.79
2013-10-29,6107.55,6228.05,6079.2,6220.9,197348371.0,7572.87
2013-10-30,6230.8,6269.2,6222.6,6251.7,177583848.0,6861.84
2013-10-31,6237.15,6309.05,6235.9,6299.15,239607127.0,9560.54
2013-11-01,6289.75,6332.6,6286.95,6307.2,191639789.0,7371.92
2013-11-03,6332.05,6342.95,6311.15,6317.35,23856924.0,858.24
2013-11-05,6282.15,6304.75,6244.3,6253.15,181053761.0,6598.06
2013-11-06,6260.55,6269.7,6208.7,6215.15,157080263.0,5461.18
2013-11-07,6228.9,6288.95,6180.8,6187.25,168832431.0,6274.13
2013-11-08,6170.15,6185.15,6120.95,6140.75,150051986.0,5977.34
2013-11-11,6110.4,6141.65,6067.75,6078.8,146060450.0,5678.81
2013-11-12,6087.25,6108.7,6011.75,6018.05,153812590.0,5646.24
2013-11-13,5998.85,6042.25,5972.45,5989.6,162538228.0,6738.41
2013-11-14,6037.0,6101.65,6036.65,6056.15,154913925.0,5872.61
2013-11-18,6111.05,6196.8,6110.4,6189.0,163991212.0,6279.02
2013-11-19,6197.25,6212.4,6180.2,6203.35,161514064.0,6020.17
2013-11-20,6186.85,6204.35,6106.95,6122.9,155794838.0,5493.72
2013-11-21,6096.5,6097.35,5985.4,5999.05,137232011.0,5457.87
2013-11-22,6027.35,6049.6,5972.8,5995.45,134755917.0,4804.74
2013-11-25,6035.95,6123.5,6035.95,6115.35,127195086.0,5113.81
2013-11-26,6099.25,6112.7,6047.75,6059.1,150661397.0,5975.26
2013-11-27,6062.7,6074.0,6030.3,6057.1,124875896.0,4780.5
2013-11-28,6092.0,6112.95,6068.3,6091.85,195315802.0,6589.55
2013-11-29,6103.9,6182.5,6103.8,6176.1,190711115.0,5487.36
2013-12-02,6171.15,6228.7,6171.15,6217.85,145948276.0,5294.15
2013-12-03,6204.25,6225.4,6191.4,6201.85,156852586.0,5474.29
2013-12-04,6187.95,6209.15,6149.9,6160.95,186169067.0,5561.95
2013-12-05,6262.45,6300.55,6232.0,6241.1,186060466.0,7519.34
2013-12-06,6234.4,6275.35,6230.75,6259.9,158539890.0,5692.11
2013-12-09,6415.0,6415.25,6345.0,6363.9,198285630.0,8117.57
2013-12-10,6354.7,6362.25,6307.55,6332.85,242412856.0,8646.17
2013-12-11,6307.2,6326.6,6280.25,6307.9,148196394.0,5672.66
2013-12-12,6276.75,6286.85,6230.55,6237.05,148533899.0,5175.39
2013-12-13,6201.3,6208.6,6161.4,6168.4,169650657.0,6403.01
2013-12-16,6168.35,6183.25,6146.05,6154.7,146451539.0,5445.51
2013-12-17,6178.2,6190.55,6133.0,6139.05,154174701.0,5676.19
2013-12-18,6129.95,6236.0,6129.95,6217.15,243250558.0,7498.21
2013-12-19,6253.9,6263.75,6150.7,6166.65,437039204.0,9005.49
2013-12-20,6179.95,6284.5,6170.35,6274.25,171969981.0,6359.37
2013-12-23,6267.2,6317.5,6266.95,6284.5,131187586.0,4746.66
2013-12-24,6296.45,6301.5,6262.0,6268.4,107642909.0,3780.9
2013-12-26,6270.1,6302.75,6259.45,6278.9,182310258.0,6457.23
2013-12-27,6292.8,6324.9,6289.4,6313.8,96867388.0,3797.25
2013-12-30,6336.4,6344.05,6273.15,6291.1,101271820.0,3977.23
2013-12-31,6307.35,6317.3,6287.3,6304.0,103439312.0,3032.11
2014-01-01,6323.8,6327.2,6298.25,6301.65,69567668.0,2015.36
2014-01-02,6301.25,6358.3,6211.3,6221.15,158132556.0,5249.79
2014-01-03,6194.55,6221.7,6171.25,6211.15,139043889.0,5369.42
2014-01-06,6220.85,6224.7,6170.25,6191.45,118344976.0,4722.67
2014-01-07,6203.9,6221.5,6144.75,6162.25,138559000.0,5696.6
2014-01-08,6178.05,6192.1,6160.35,6174.6,146912639.0,5816.54
2014-01-09,6181.7,6188.05,6148.25,6168.35,150064466.0,5908.02
2014-01-10,6178.85,6239.1,6139.6,6171.45,159920407.0,7347.29
2014-01-13,6189.55,6288.2,6189.55,6272.75,135009945.0,5984.02
2014-01-14,6260.25,6280.35,6234.15,6241.85,110231153.0,4703.01
2014-01-15,6265.95,6325.2,6265.3,6320.9,145922867.0,6422.97
2014-01-16,6341.35,6346.5,6299.85,6318.9,153420441.0,6758.63
2014-01-17,6306.25,6327.1,6246.35,6261.65,167719501.0,7895.92
2014-01-20,6261.75,6307.45,6243.35,6303.95,122136071.0,5499.51
2014-01-21,6320.15,6330.3,6297.9,6313.8,141728380.0,5831.26
2014-01-22,6309.05,6349.95,6287.45,6338.95,137490525.0,5635.92
2014-01-23,6325.95,6355.6,6316.4,6345.65,120054602.0,5278.88
2014-01-24,6301.65,6331.45,6263.9,6266.75,160270856.0,6209.06
2014-01-27,6186.3,6188.55,6130.25,6135.85,190442601.0,7091.1
2014-01-28,6131.85,6163.6,6085.95,6126.25,184111740.0,7710.08
2014-01-29,6161.0,6170.45,6109.8,6120.25,146733030.0,6487.39
2014-01-30,6067.0,6082.85,6027.25,6073.7,208061426.0,7694.04
2014-01-31,6082.75,6097.85,6067.35,6089.5,146713083.0,5407.1
2014-02-03,6058.8,6074.85,5994.45,6001.8,134893587.0,4635.69
2014-02-04,5947.6,6017.8,5933.3,6000.9,183252654.0,6075.02
2014-02-05,6004.25,6028.05,5962.05,6022.4,166627311.0,5572.13
2014-02-06,6028.35,6048.35,5965.4,6036.3,185503324.0,6291.97
2014-02-07,6077.65,6079.95,6030.9,6063.2,181932292.0,5591.39
2014-02-10,6072.8,6083.05,6046.4,6053.45,133070328.0,4762.89
2014-02-11,6072.45,6081.85,6053.25,6062.7,150520900.0,5268.8
2014-02-12,6085.35,6106.6,6077.4,6084.0,138547391.0,5351.08
2014-02-13,6087.55,6094.4,5991.1,6001.1,153652371.0,5037.18
2014-02-14,6023.75,6056.4,5984.6,6048.35,140204479.0,5539.7
2014-02-17,6057.1,6080.65,6038.3,6073.3,108492457.0,4455.65
2014-02-18,6071.3,6141.7,6066.8,6127.1,126639146.0,4592.38
2014-02-19,6132.05,6160.35,6125.75,6152.75,95248833.0,3735.52
2014-02-20,6127.15,6129.1,6086.45,6091.45,132108928.0,4344.77
2014-02-21,6108.3,6159.65,6108.0,6155.45,112596128.0,4001.93
2014-02-24,6140.95,6191.85,6130.8,6186.1,144877047.0,4424.81
2014-02-25,6205.7,6216.85,6176.6,6200.05,146259298.0,4782.95
2014-02-26,6202.45,6245.95,6202.1,6238.8,181663811.0,6641.33
2014-02-28,6228.45,6282.7,6228.1,6276.95,209914263.0,7869.42
2014-03-03,6264.35,6277.75,6212.25,6221.45,144562338.0,5040.12
2014-03-04,6216.75,6302.15,6215.7,6297.95,166818924.0,5550.29
2014-03-05,6328.45,6336.25,6287.8,6328.65,160300066.0,5754.58
2014-03-06,6344.75,6406.6,6339.7,6401.15,180731810.0,5844.96
2014-03-07,6413.95,6537.8,6413.55,6526.65,284922346.0,11368.15
2014-03-10,6491.7,6562.2,6487.35,6537.25,242143703.0,9992.74
2014-03-11,6537.35,6562.85,6494.25,6511.9,238994883.0,8268.67
2014-03-12,6497.5,6546.15,6487.3,6516.9,174977068.0,6176.54
2014-03-13,6491.75,6561.45,6476.65,6493.1,167858387.0,8356.1
2014-03-14,6447.25,6518.45,6432.7,6504.2,177336088.0,7114.55
2014-03-18,6532.45,6574.95,6497.65,6516.65,179308616.0,7268.52
2014-03-19,6530.0,6541.2,6506.0,6524.05,172464722.0,7666.24
2014-03-20,6508.35,6523.65,6473.25,6483.1,141984189.0,6280.76
2014-03-21,6515.2,6522.9,6485.7,6493.2,189854420.0,8841.94
2014-03-22,6497.8,6502.65,6481.35,6494.9,9774392.0,373.66
2014-03-24,6510.5,6591.5,6510.5,6583.5,158395722.0,6633.77
2014-03-25,6550.1,6595.55,6544.85,6589.75,168125064.0,6475.61
2014-03-26,6615.65,6627.45,6580.6,6601.4,186570474.0,7046.34
2014-03-27,6613.1,6673.95,6599.5,6641.75,312383468.0,12924.37
2014-03-28,6673.05,6702.6,6643.8,6695.9,134114378.0,6862.55
2014-03-31,6723.15,6730.05,6662.4,6704.2,177579421.0,7743.3
2014-04-01,6729.5,6732.25,6675.45,6721.05,147136671.0,7174.14
2014-04-02,6757.6,6763.5,6723.6,6752.55,173335875.0,8007.75
2014-04-03,6772.05,6776.75,6696.9,6736.1,197546648.0,7738.58
2014-04-04,6741.85,6741.85,6685.15,6694.35,155127592.0,6676.88
2014-04-07,6694.25,6725.15,6650.4,6695.05,133947319.0,6707.01
2014-04-09,6722.0,6808.7,6705.1,6796.2,169794626.0,8892.66
2014-04-10,6803.05,6819.05,6777.3,6796.4,191125947.0,9079.6
2014-04-11,6758.35,6789.35,6743.15,6776.3,140734579.0,7463.19
2014-04-15,6792.7,6813.4,6711.75,6733.1,123197822.0,7100.26
2014-04-16,6727.25,6748.65,6665.15,6675.3,119768833.0,6168.64
2014-04-17,6695.45,6783.05,6684.4,6779.4,131488368.0,6952.58
2014-04-21,6789.25,6825.45,6786.9,6817.65,111840313.0,5711.98
2014-04-22,6822.9,6838.0,6806.25,6815.35,114693049.0,5636.78
2014-04-23,6823.25,6861.6,6820.75,6840.8,182972972.0,9247.25
2014-04-25,6855.8,6869.85,6772.85,6782.75,154320793.0,8021.33
2014-04-28,6778.55,6786.25,6750.3,6761.25,118162668.0,6297.18
2014-04-29,6769.0,6779.7,6708.65,6715.25,115511531.0,5459.34
2014-04-30,6724.95,6780.15,6656.8,6696.4,161106871.0,7066.78
2014-05-02,6709.95,6737.65,6689.5,6694.8,114275323.0,5030.42
2014-05-05,6681.65,6741.05,6680.45,6699.35,104989653.0,4881.32
2014-05-06,6719.25,6743.45,6701.9,6715.3,88291413.0,4168.72
2014-05-07,6708.6,6718.75,6642.9,6652.55,114099791.0,6513.29
2014-05-08,6669.9,6688.4,6638.55,6659.85,101549745.0,5413.39
2014-05-09,6654.15,6871.35,6652.15,6858.8,166442779.0,8027.14
2014-05-12,6863.4,7020.05,6862.9,7014.25,157725090.0,8475.17
2014-05-13,7080.0,7172.35,7067.15,7108.75,232221733.0,10573.11
2014-05-14,7112.0,7142.25,7080.9,7108.75,177204155.0,9395.8
2014-05-15,7111.3,7152.55,7082.55,7123.15,186848485.0,8947.95
2014-05-16,7270.2,7563.5,7130.65,7203.0,393156741.0,21057.07
2014-05-19,7276.85,7291.1,7193.55,7263.55,316246557.0,15228.6
2014-05-20,7309.95,7353.65,7247.7,7275.5,255333095.0,11139.51
2014-05-21,7274.85,7287.15,7206.7,7252.9,203137825.0,9544.12
2014-05-22,7289.95,7319.55,7258.15,7276.4,240943899.0,10104.55
2014-05-23,7306.5,7381.0,7293.9,7367.1,259638086.0,12002.13
2014-05-26,7428.75,7504.0,7269.05,7359.05,273236339.0,13203.73
2014-05-27,7363.1,7372.95,7274.75,7318.0,168599276.0,7931.22
2014-05-28,7324.95,7344.75,7302.6,7329.65,175595609.0,8929.71
2014-05-29,7316.6,7325.4,7224.4,7235.65,241115398.0,13385.17
2014-05-30,7254.85,7272.5,7118.45,7229.95,312152571.0,13837.29
2014-06-02,7264.05,7368.6,7239.5,7362.5,169891181.0,7833.43
2014-06-03,7375.35,7424.95,7342.15,7415.85,234680218.0,10354.94
2014-06-04,7417.55,7433.3,7391.35,7402.25,204592241.0,8913.89
2014-06-05,7399.75,7484.7,7360.5,7474.1,250660653.0,11574.51
2014-06-06,7521.5,7592.7,7497.65,7583.4,248397596.0,12322.96
2014-06-09,7621.65,7673.7,7580.25,7654.6,231879926.0,10866.56
2014-06-10,7679.05,7683.2,7579.3,7656.4,188669182.0,9475.21
2014-06-11,7672.4,7700.05,7589.05,7626.85,186182446.0,10472.71
2014-06-12,7641.3,7658.0,7593.8,7649.9,148207144.0,8187.49
2014-06-13,7668.2,7678.5,7525.35,7542.1,174522339.0,11254.75
2014-06-16,7534.8,7548.6,7487.55,7533.55,155377979.0,8449.27
2014-06-17,7525.05,7637.6,7509.25,7631.7,157961787.0,8704.2
2014-06-18,7636.05,7663.0,7515.5,7558.2,165078941.0,8963.97
2014-06-19,7580.05,7606.45,7502.55,7540.7,148852437.0,8115.36
2014-06-20,7543.3,7560.55,7497.3,7511.45,124132217.0,6801.49
2014-06-23,7514.0,7534.8,7441.6,7493.35,127404790.0,6543.64
2014-06-24,7515.2,7593.35,7515.2,7580.2,137002483.0,7146.44
2014-06-25,7588.55,7589.25,7557.05,7569.25,114968325.0,6198.93
2014-06-26,7554.1,7570.2,7481.3,7493.2,171676960.0,9190.64
2014-06-27,7514.2,7538.75,7482.3,7508.8,126673395.0,6688.8
2014-06-30,7534.05,7623.65,7531.6,7611.35,152303166.0,7887.37
2014-07-01,7629.0,7649.5,7618.15,7634.7,139431498.0,6983.63
2014-07-02,7683.05,7732.4,7677.3,7725.15,136324329.0,7363.75
2014-07-03,7734.35,7754.65,7706.8,7714.8,133755275.0,7320.09
2014-07-04,7718.1,7758.0,7661.3,7751.6,113070488.0,5863.82
2014-07-07,7780.4,7792.0,7755.1,7787.15,173926355.0,8925.04
2014-07-08,7804.05,7808.85,7595.9,7623.2,180646306.0,9002.25
2014-07-09,7637.95,7650.1,7551.65,7585.0,168348843.0,8176.28
2014-07-10,7589.5,7731.05,7479.05,7567.75,258385778.0,11431.68
2014-07-11,7584.1,7625.85,7447.2,7459.6,187592951.0,8983.29
2014-07-14,7469.0,7478.45,7422.15,7454.15,135231220.0,6659.48
2014-07-15,7491.3,7534.9,7459.15,7526.65,122068670.0,6124.15
2014-07-16,7564.15,7640.1,7532.45,7624.4,167973291.0,8186.24
2014-07-17,7612.7,7655.65,7612.7,7640.45,141612002.0,6753.11
2014-07-18,7630.25,7685.0,7595.5,7663.9,134603073.0,6903.7
2014-07-21,7701.65,7722.1,7674.0,7684.2,105401279.0,5794.45
2014-07-22,7708.2,7773.85,7704.8,7767.85,120081148.0,6494.69
2014-07-23,7794.9,7809.2,7752.9,7795.75,122119113.0,7062.52
2014-07-24,7796.25,7835.65,7771.65,7830.6,117608370.0,6271.45
2014-07-25,7828.2,7840.95,7748.6,7790.45,153936037.0,7827.61
2014-07-28,7792.9,7799.9,7722.65,7748.7,116534670.0,6107.78
2014-07-30,7746.2,7798.7,7707.6,7791.4,178110084.0,10175.5
2014-07-31,7784.65,7791.85,7711.15,7721.3,208857257.0,11718.26
2014-08-01,7662.5,7716.7,7593.9,7602.6,181070405.0,9796.7
2014-08-04,7639.55,7694.8,7622.05,7683.65,137040004.0,7495.07
2014-08-05,7706.65,7752.45,7638.05,7746.55,128238762.0,6772.55
2014-08-06,7726.15,7740.95,7658.95,7672.05,116361342.0,6905.9
2014-08-07,7651.15,7708.95,7630.4,7649.25,116792296.0,6030.02
2014-08-08,7588.7,7592.45,7540.1,7568.55,118429659.0,6283.56
2014-08-11,7619.85,7635.55,7598.6,7625.95,106972573.0,5535.13
2014-08-12,7688.8,7735.75,7654.8,7727.05,120611660.0,6181.17
2014-08-13,7717.3,7757.1,7695.7,7739.55,154083920.0,8030.41
2014-08-14,7756.15,7796.7,7739.1,7791.7,127328105.0,6745.33
2014-08-18,7785.25,7880.5,7779.2,7874.25,126742201.0,6892.25
2014-08-19,7901.0,7918.55,7881.15,7897.5,140615189.0,7928.8
2014-08-20,7915.8,7922.7,7864.05,7875.3,117321408.0,6234.79
2014-08-21,7875.35,7919.65,7855.95,7891.1,115221672.0,7502.01
2014-08-22,7904.55,7929.05,7900.05,7913.2,104074858.0,7088.03
2014-08-25,7931.75,7968.25,7897.95,7906.3,118465594.0,6152.32
2014-08-26,7874.5,7915.45,7862.45,7904.75,142829732.0,6735.18
2014-08-27,7933.9,7946.85,7916.55,7936.05,119961224.0,6261.16
2014-08-28,7942.25,7967.8,7939.2,7954.35,189698796.0,10417.14
2014-09-01,7990.35,8035.0,7984.0,8027.7,139328061.0,6944.65
2014-09-02,8038.6,8101.95,8036.55,8083.05,134897503.0,7143.64
2014-09-03,8110.85,8141.9,8092.25,8114.6,150726992.0,8444.29
2014-09-04,8114.2,8114.8,8060.9,8095.95,141280504.0,6925.82
2014-09-05,8099.9,8122.7,8049.85,8086.85,125981094.0,6559.7
2014-09-08,8132.95,8180.2,8126.15,8173.9,120694390.0,6623.08
2014-09-09,8161.9,8174.55,8126.5,8152.95,104740540.0,5364.95
2014-09-10,8135.55,8135.75,8082.1,8094.1,107064326.0,5561.6
2014-09-11,8115.15,8127.95,8057.3,8085.7,122818159.0,6492.35
2014-09-12,8087.05,8114.3,8071.6,8105.5,111444349.0,6156.73
2014-09-15,8070.35,8077.3,8030.0,8042.0,96502556.0,5387.06
2014-09-16,8036.6,8044.9,7925.15,7932.9,127952551.0,6647.49
2014-09-17,7971.5,7990.65,7936.95,7975.5,123722390.0,6689.37
2014-09-18,7950.65,8120.85,7939.7,8114.75,116930309.0,6891.09
2014-09-19,8129.4,8160.9,8105.35,8121.45,161284509.0,8957.42
2014-09-22,8084.45,8159.9,8064.8,8146.3,105507265.0,5710.43
2014-09-23,8144.4,8159.75,8008.1,8017.55,140780912.0,7947.61
2014-09-24,8015.55,8042.05,7950.05,8002.4,182208501.0,7981.87
2014-09-25,8003.3,8019.3,7877.35,7911.85,231899016.0,11692.69
2014-09-26,7885.85,7993.3,7841.8,7968.85,147835866.0,8247.78
2014-09-29,7978.45,7991.75,7934.7,7958.9,97267975.0,5089.35
2014-09-30,7948.8,8030.9,7923.85,7964.8,141142071.0,7467.66
2014-10-01,7960.5,7977.5,7936.7,7945.55,112997913.0,5979.61
2014-10-07,7897.4,7943.05,7842.7,7852.4,148199508.0,7982.75
2014-10-08,7828.75,7869.9,7815.75,7842.7,135914083.0,7408.61
2014-10-09,7886.5,7972.35,7886.5,7960.55,123767811.0,6797.45
2014-10-10,7911.0,7924.05,7848.45,7859.95,142926893.0,8473.9
2014-10-13,7831.0,7901.15,7796.0,7884.25,118781369.0,6584.44
2014-10-14,7923.25,7928.0,7825.45,7864.0,225472732.0,7709.0
2014-10-16,7837.3,7893.9,7729.65,7748.2,213529479.0,9087.06
2014-10-17,7733.75,7819.2,7723.85,7779.7,177623196.0,9626.9
2014-10-20,7896.95,7905.95,7856.95,7879.4,176171562.0,8357.41
2014-10-21,7906.15,7936.6,7874.35,7927.75,163403385.0,8432.94
2014-10-22,7997.8,8005.0,7974.55,7995.9,151104463.0,7301.77
2014-10-23,8027.7,8031.75,8008.85,8014.55,19640498.0,915.37
2014-10-27,8064.35,8064.4,7985.65,7991.7,132824881.0,6511.8
2014-10-28,8002.4,8037.8,7995.05,8027.6,124058566.0,6993.84
2014-10-29,8077.05,8097.95,8052.25,8090.45,148313096.0,7406.0
2014-10-30,8085.2,8181.55,8085.2,8169.2,205666559.0,11023.46
2014-10-31,8200.8,8330.75,8198.05,8322.2,176165086.0,9450.53
2014-11-03,8348.15,8350.6,8297.65,8324.15,141090166.0,7439.54
2014-11-05,8351.25,8365.55,8323.5,8338.3,161614922.0,9021.74
2014-11-07,8331.85,8360.35,8290.25,8337.0,153433693.0,11379.2
2014-11-10,8337.8,8383.05,8304.45,8344.25,130749013.0,6932.28
2014-11-11,8354.1,8378.7,8321.85,8362.65,122010840.0,6559.73
2014-11-12,8378.9,8415.05,8370.5,8383.3,125243330.0,6535.31
2014-11-13,8405.25,8408.0,8320.35,8357.85,127361048.0,6511.91
2014-11-14,8360.7,8400.65,8346.8,8389.9,146768580.0,7849.19
2014-11-17,8378.4,8438.1,8349.1,8430.75,113879138.0,7270.5
2014-11-18,8441.25,8454.5,8407.25,8425.9,134678948.0,7323.18
2014-11-19,8440.65,8455.65,8360.5,8382.3,125399132.0,6997.58
2014-11-20,8406.5,8410.85,8353.15,8401.9,122775989.0,6218.34
2014-11-21,8408.2,8489.8,8398.6,8477.35,137015453.0,7889.99
2014-11-24,8490.95,8534.65,8490.8,8530.15,140657508.0,7180.3
2014-11-25,8530.8,8535.35,8429.45,8463.1,271914173.0,12210.62
2014-11-26,8450.3,8500.3,8438.65,8475.75,151922494.0,7123.76
2014-11-27,8477.8,8506.75,8456.35,8494.2,194298604.0,9556.05
2014-11-28,8516.8,8617.0,8516.25,8588.25,197214619.0,10053.47
2014-12-01,8605.1,8623.0,8545.15,8555.9,151990638.0,8565.14
2014-12-02,8535.45,8560.2,8504.65,8524.7,137386984.0,6753.13
2014-12-03,8528.7,8546.95,8508.35,8537.65,153199341.0,7664.86
2014-12-04,8582.4,8626.95,8526.4,8564.4,143477230.0,6687.99
2014-12-05,8584.25,8588.35,8523.9,8538.3,143345553.0,6452.4
2014-12-08,8538.65,8546.35,8432.25,8438.25,163819529.0,13929.39
2014-12-09,8439.3,8444.5,8330.5,8340.7,146266705.0,7115.31
2014-12-10,8318.05,8376.8,8317.0,8355.65,136656345.0,6738.18
2014-12-11,8338.85,8348.3,8272.4,8292.9,133862999.0,6718.85
2014-12-12,8302.0,8321.9,8216.3,8224.1,138080911.0,6894.03
2014-12-15,8160.75,8242.4,8152.5,8219.6,137140608.0,6720.94
2014-12-16,8172.6,8189.35,8052.6,8067.6,197337631.0,8920.29
2014-12-17,8041.2,8082.0,7961.35,8029.8,216216145.0,9966.02
2014-12-18,8138.9,8174.3,8084.9,8159.3,162112021.0,7352.6
2014-12-19,8230.45,8263.45,8208.6,8225.2,174796496.0,8246.76
2014-12-22,8255.0,8330.95,8228.2,8324.0,139159658.0,5745.04
2014-12-23,8324.6,8364.75,8252.85,8267.0,132190368.0,5629.52
2014-12-24,8272.05,8286.4,8155.25,8174.1,221905876.0,11229.76
2014-12-26,8204.8,8234.55,8147.95,8200.7,75528707.0,2995.12
2014-12-29,8214.7,8279.15,8214.7,8246.3,82086035.0,3340.07
2014-12-30,8260.3,8268.25,8220.55,8248.25,77695770.0,3460.46
2014-12-31,8243.9,8291.0,8243.75,8282.7,84532600.0,4221.32
2015-01-01,8272.8,8294.7,8248.75,8284.0,56560411.0,2321.88
2015-01-02,8288.7,8410.6,8288.7,8395.45,101887024.0,4715.72
2015-01-05,8407.95,8445.6,8363.9,8378.4,118160545.0,5525.52
2015-01-06,8325.3,8327.85,8111.35,8127.35,172799618.0,8089.19
2015-01-07,8118.65,8151.2,8065.45,8102.1,164075424.0,7464.33
2015-01-08,8191.4,8243.5,8167.3,8234.6,143802802.0,8147.4
2015-01-09,8285.45,8303.3,8190.8,8284.5,152612528.0,9305.95
2015-01-12,8291.35,8332.6,8245.6,8323.0,103153908.0,5437.76
2015-01-13,8346.15,8356.65,8267.9,8299.4,129561892.0,6499.2
2015-01-14,8307.25,8326.45,8236.65,8277.55,150621631.0,7020.91
2015-01-15,8424.5,8527.1,8380.55,8494.15,232138802.0,10725.62
2015-01-16,8504.05,8530.75,8452.25,8513.8,181365905.0,8690.54
2015-01-19,8550.05,8570.95,8531.5,8550.7,129346422.0,6292.59
2015-01-20,8575.1,8707.9,8574.5,8695.6,158713840.0,7838.19
2015-01-21,8719.65,8741.85,8689.6,8729.5,191651012.0,9735.99
2015-01-22,8745.85,8774.15,8727.0,8761.4,180912372.0,9025.95
2015-01-23,8827.95,8866.4,8795.4,8835.6,197124706.0,9716.57
2015-01-27,8871.35,8925.05,8825.45,8910.5,192010521.0,9988.36
2015-01-28,8902.75,8985.05,8874.05,8914.3,190805926.0,10313.46
2015-01-29,8901.5,8966.65,8861.25,8952.35,264245843.0,13427.54
2015-01-30,8996.6,8996.6,8775.1,8808.9,275587957.0,12385.18
2015-02-02,8802.5,8840.8,8751.1,8797.4,216556534.0,10430.34
2015-02-03,8823.15,8837.3,8726.65,8756.55,208672175.0,9888.1
2015-02-04,8789.15,8792.85,8704.4,8723.7,201252375.0,8707.82
2015-02-05,8733.1,8838.45,8683.65,8711.7,179008853.0,9126.1
2015-02-06,8696.85,8726.2,8645.55,8661.05,176554075.0,7912.1
2015-02-09,8584.4,8605.55,8516.35,8526.35,151329604.0,6863.17
2015-02-10,8478.1,8646.25,8470.5,8565.55,202294693.0,9965.76
2015-02-11,8603.3,8651.95,8593.65,8627.4,166560867.0,7602.46
2015-02-12,8676.95,8732.55,8599.25,8711.55,163681352.0,7669.87
2015-02-13,8741.5,8822.1,8729.65,8805.5,228807812.0,10248.41
2015-02-16,8831.4,8870.1,8793.4,8809.35,140637331.0,7047.32
2015-02-18,8811.55,8894.3,8808.9,8869.1,152152801.0,10153.74
2015-02-19,8883.05,8913.45,8794.45,8895.3,219867400.0,9794.26
2015-02-20,8895.5,8899.95,8816.3,8833.6,203714864.0,8193.56
2015-02-23,8856.85,8869.0,8736.1,8754.95,143932325.0,7171.05
2015-02-24,8772.9,8800.5,8726.75,8762.1,154368611.0,7413.31
2015-02-25,8801.9,8840.65,8751.4,8767.25,139406599.0,6986.78
2015-02-26,8779.0,8786.05,8669.45,8683.85,224185492.0,10531.16
2015-02-27,8729.5,8856.95,8717.45,8844.6,257226273.0,11924.49
2015-02-28,8913.05,8941.1,8751.35,8901.85,246453954.0,10064.41
2015-03-02,8953.85,8972.35,8885.45,8956.75,224772586.0,11525.5
2015-03-03,8962.85,9008.4,8925.55,8996.25,183251960.0,9033.61
2015-03-04,9109.15,9119.2,8893.95,8922.65,256060375.0,12130.98
2015-03-05,8929.4,8957.55,8849.35,8937.75,165081476.0,8250.55
2015-03-09,8891.15,8891.3,8740.45,8756.75,160332840.0,8132.43
2015-03-10,8769.75,8778.0,8677.35,8712.05,168916337.0,8402.33
2015-03-11,8728.75,8755.6,8682.35,8699.95,178053293.0,8259.67
2015-03-12,8740.65,8787.2,8732.9,8776.0,179337979.0,8184.46
2015-03-13,8844.05,8849.75,8631.75,8647.75,184665971.0,8121.26
2015-03-16,8656.75,8663.55,8612.0,8633.15,168438040.0,7559.94
2015-03-17,8689.1,8742.55,8630.8,8723.3,182504639.0,8086.26
2015-03-18,8742.9,8747.25,8664.0,8685.9,161153533.0,8227.5
2015-03-19,8749.45,8788.2,8614.65,8634.65,168628424.0,8460.35
2015-03-20,8627.9,8627.9,8553.0,8570.9,179982752.0,8484.23
2015-03-23,8591.55,8608.35,8540.55,8550.9,155425780.0,6195.45
2015-03-24,8537.05,8627.75,8535.85,8542.95,161465466.0,7913.26
2015-03-25,8568.9,8573.75,8516.55,8530.8,165952155.0,8200.05
2015-03-26,8474.95,8499.45,8325.35,8342.15,288758332.0,13667.31
2015-03-27,8396.0,8413.2,8269.15,8341.4,198979321.0,9528.86
2015-03-30,8390.95,8504.55,8380.75,8492.3,142061290.0,6713.2
2015-03-31,8527.6,8550.45,8454.15,8491.0,177059509.0,8108.36
2015-04-01,8483.7,8603.4,8464.75,8586.25,136312446.0,6863.03
2015-04-06,8615.8,8667.55,8573.75,8659.9,150877855.0,7633.0
2015-04-07,8684.45,8693.6,8586.85,8660.3,141765381.0,7287.01
2015-04-08,8698.95,8730.5,8679.8,8714.4,149617725.0,7889.65
2015-04-09,8756.2,8785.5,8682.45,8778.3,158192905.0,8391.19
2015-04-10,8774.35,8787.4,8733.6,8780.35,141464357.0,7119.96
2015-04-13,8801.75,8841.65,8762.1,8834.0,122833397.0,6242.71
2015-04-15,8844.75,8844.8,8722.4,8750.2,170458015.0,8908.26
2015-04-16,8757.05,8760.0,8645.65,8706.7,149337173.0,8268.33
2015-04-17,8698.05,8699.85,8596.7,8606.0,155474164.0,9134.37
2015-04-20,8618.8,8619.95,8422.75,8448.1,154492312.0,8930.38
2015-04-21,8416.1,8469.35,8352.7,8377.75,,
2015-04-22,8400.4,8449.95,8284.7,8429.7,176926942.0,10002.48
2015-04-23,8478.2,8504.95,8361.85,8398.3,169840748.0,9801.34
2015-04-24,8405.7,8413.3,8273.35,8305.25,177843969.0,10984.24
2015-04-27,8330.55,8334.45,8202.35,8213.8,174706337.0,10143.36
2015-04-28,8215.55,8308.0,8185.15,8285.6,183754628.0,9560.13
2015-04-29,8274.8,8308.2,8219.2,8239.75,174958511.0,8571.95
2015-04-30,8224.5,8229.4,8144.75,8181.5,281696257.0,14755.35
2015-05-04,8230.05,8346.0,8220.45,8331.95,136913823.0,7856.18
2015-05-05,8338.4,8355.65,8280.6,8324.8,156019941.0,8138.54
2015-05-06,8316.6,8331.95,8083.0,8097.0,212509839.0,10894.12
2015-05-07,8077.0,8122.6,7997.15,8057.3,166563657.0,8443.96
2015-05-08,8131.5,8224.95,8123.45,8191.5,188776090.0,8961.33
2015-05-11,8243.2,8332.75,8224.65,8325.25,197882948.0,8396.12
2015-05-12,8326.15,8326.65,8115.3,8126.95,178753978.0,8779.53
2015-05-13,8181.55,8254.95,8089.8,8235.45,175015183.0,8391.93
2015-05-14,8232.45,8236.25,8137.3,8224.2,138964395.0,6763.72
2015-05-15,8240.3,8279.2,8212.2,8262.35,133838055.0,6463.64
2015-05-18,8284.95,8384.6,8271.95,8373.65,153340463.0,7459.18
2015-05-19,8356.2,8427.8,8335.0,8365.65,144642344.0,7266.52
2015-05-20,8392.65,8440.35,8391.45,8423.25,127388797.0,6151.44
2015-05-21,8434.5,8446.35,8382.5,8421.0,148189485.0,7641.6
2015-05-22,8432.5,8489.55,8420.6,8458.95,193080657.0,8261.69
2015-05-25,8438.15,8441.95,8364.15,8370.25,125051166.0,5555.29
2015-05-26,8377.1,8378.9,8320.05,8339.35,120428892.0,5908.3
2015-05-27,8302.75,8342.85,8277.95,8334.6,170583401.0,8131.59
2015-05-28,8345.7,8364.5,8270.15,8319.0,239549060.0,11449.91
2015-05-29,8327.1,8443.9,8305.7,8433.65,375232198.0,20736.2
2015-06-01,8417.25,8467.15,8405.4,8433.4,125990614.0,7254.01
2015-06-02,8442.8,8445.35,8226.05,8236.45,151337661.0,8083.17
2015-06-03,8232.45,8236.7,8094.15,8135.1,176661646.0,7920.26
2015-06-04,8155.15,8160.05,8056.75,8130.65,159470840.0,7560.49
2015-06-05,8119.15,8191.0,8100.15,8114.7,167055308.0,7588.4
2015-06-08,8124.35,8131.0,8030.55,8044.15,140075743.0,6230.61
2015-06-09,8026.5,8057.15,8005.15,8022.4,140217686.0,6442.05
2015-06-10,8024.15,8152.25,8023.8,8124.45,141030200.0,6790.27
2015-06-11,8157.3,8163.05,7958.25,7965.35,171348959.0,7868.44
2015-06-12,7959.85,7995.6,7940.3,7982.9,140839875.0,6737.25
2015-06-15,7986.6,8057.7,7944.85,8013.9,137116389.0,6129.12
2015-06-16,8004.2,8061.85,7952.35,8047.3,127809460.0,5923.8
2015-06-17,8084.2,8136.85,8048.95,8091.55,157205716.0,7878.66
2015-06-18,8113.7,8186.9,8101.8,8174.6,149266110.0,7767.77
2015-06-19,8201.15,8250.8,8195.65,8224.95,151575997.0,7722.05
2015-06-22,8259.3,8369.45,8257.4,8353.1,126542473.0,6163.02
2015-06-23,8377.45,8398.45,8334.95,8381.55,135844708.0,6437.33
2015-06-24,8399.4,8421.35,8338.9,8360.85,134062733.0,7175.22
2015-06-25,8336.25,8423.15,8329.5,8398.0,207421340.0,9911.16
2015-06-26,8393.95,8408.55,8339.7,8381.1,113959476.0,5848.78
2015-06-29,8247.05,8329.45,8195.65,8318.4,136106699.0,6604.12
2015-06-30,8316.35,8378.0,8298.95,8368.5,163366250.0,8425.52
2015-07-01,8376.25,8481.6,8370.15,8453.05,135887471.0,6938.05
2015-07-02,8471.95,8479.25,8433.2,8444.9,115472141.0,6065.26
2015-07-03,8440.1,8497.75,8424.15,8484.9,91142979.0,4983.21
2015-07-06,8386.15,8533.15,8386.15,8522.15,104578132.0,5517.86
2015-07-07,8525.5,8561.35,8483.85,8510.8,126038231.0,6054.41
2015-07-08,8439.2,8457.5,8341.4,8363.05,193886999.0,8876.81
2015-07-09,8364.85,8400.3,8323.0,8328.55,135358659.0,6610.4
2015-07-10,8365.7,8377.1,8315.4,8360.55,158883926.0,8128.47
2015-07-13,8397.25,8471.65,8355.4,8459.65,121380175.0,6506.28
2015-07-14,8470.6,8480.25,8424.1,8454.1,104893796.0,5454.41
2015-07-15,8463.4,8531.4,8462.95,8523.8,108835522.0,5805.53
2015-07-16,8546.15,8616.1,8542.9,8608.05,119637042.0,6544.15
2015-07-17,8623.65,8642.95,8593.15,8609.85,108190401.0,5713.13
2015-07-20,8623.9,8624.1,8559.0,8603.45,93439295.0,5107.62
2015-07-21,8601.5,8646.75,8517.9,8529.45,169151098.0,10699.52
2015-07-22,8512.25,8643.9,8498.65,8633.5,141018383.0,7427.34
2015-07-23,8643.95,8654.75,8573.8,8589.8,136962516.0,7747.81
2015-07-24,8588.15,8589.15,8513.5,8521.55,131344832.0,6942.22
2015-07-27,8492.1,8492.2,8351.55,8361.0,140828066.0,7353.09
2015-07-28,8371.1,8397.4,8321.75,8337.0,179983810.0,8403.15
2015-07-29,8365.6,8381.5,8338.45,8375.05,145399010.0,7232.34
2015-07-30,8417.0,8458.9,8408.3,8421.8,221939186.0,10007.3
2015-07-31,8456.1,8548.95,8448.0,8532.85,209629301.0,9522.19
2015-08-03,8510.65,8563.95,8508.1,8543.05,161485758.0,7738.1
2015-08-04,8564.1,8565.15,8448.25,8516.9,193226091.0,9003.82
2015-08-05,8547.45,8591.85,8545.85,8567.95,136948290.0,6434.82
2015-08-06,8585.8,8606.3,8551.5,8588.65,139116393.0,6595.25
2015-08-07,8580.8,8595.95,8552.7,8564.6,148073594.0,6528.28
2015-08-10,8577.0,8621.55,8497.8,8525.6,127194886.0,5780.49
2015-08-11,8548.45,8556.25,8441.3,8462.35,159192694.0,7049.29
2015-08-12,8445.7,8446.95,8337.95,8349.45,195904304.0,8630.35
2015-08-13,8384.45,8429.5,8339.75,8355.85,195079107.0,7840.58
2015-08-14,8402.35,8530.1,8381.2,8518.55,160680260.0,7090.58
2015-08-17,8530.5,8530.6,8428.05,8477.3,180083830.0,6543.01
2015-08-18,8505.85,8525.75,8433.6,8466.55,157991554.0,6501.24
2015-08-19,8468.05,8520.45,8425.95,8495.15,134512114.0,6338.67
2015-08-20,8471.05,8501.35,8359.75,8372.75,189841783.0,9193.19
2015-08-21,8305.4,8322.2,8225.05,8299.95,207542070.0,9606.33
2015-08-24,8055.95,8060.05,7769.4,7809.0,322096413.0,13856.66
2015-08-25,7895.4,7925.4,7667.25,7880.7,308255265.0,13420.76
2015-08-26,7865.25,7930.05,7777.1,7791.85,223261362.0,10207.56
2015-08-27,7921.6,7963.6,7862.3,7948.95,314422773.0,14282.73
2015-08-28,8053.7,8091.8,7961.65,8001.95,201572450.0,8641.87
2015-08-31,8009.25,8043.6,7947.95,7971.3,204254629.0,9547.7
2015-09-01,7907.95,7929.1,7746.5,7785.85,190581167.0,8633.26
2015-09-02,7856.65,7862.55,7699.25,7717.0,222003483.0,9794.29
2015-09-03,7774.45,7845.6,7754.05,7823.0,160609681.0,7060.37
2015-09-04,7803.4,7804.9,7626.85,7655.05,199569987.0,8200.69
2015-09-07,7685.85,7705.05,7545.9,7558.8,145763902.0,5768.15
2015-09-08,7587.7,7720.9,7539.5,7688.25,177514609.0,7380.17
2015-09-09,7805.85,7846.05,7764.55,7818.6,214842731.0,8550.1
2015-09-10,7729.05,7819.85,7678.5,7788.1,165313439.0,6992.42
2015-09-11,7833.8,7864.85,7759.9,7789.3,140576943.0,6014.16
2015-09-14,7811.1,7879.95,7761.85,7872.25,126630775.0,5277.75
2015-09-15,7867.35,7880.0,7799.75,7829.1,140722007.0,6252.35
2015-09-16,7886.85,7913.9,7853.3,7899.15,144331414.0,6650.61
2015-09-18,7967.45,8055.0,7955.85,7981.9,249313429.0,11328.64
2015-09-21,7911.5,7987.9,7908.35,7977.1,125628591.0,5482.45
2015-09-22,8014.8,8021.6,7787.75,7812.0,173569429.0,7887.06
2015-09-23,7737.35,7882.9,7723.25,7845.95,151196367.0,6869.26
2015-09-24,7838.4,7894.5,7804.1,7868.5,208766516.0,9732.18
2015-09-28,7892.8,7893.95,7787.95,7795.7,140480206.0,7120.05
2015-09-29,7725.7,7926.55,7691.2,7843.3,248106979.0,11184.67
2015-09-30,7924.25,7957.7,7874.5,7948.9,217187896.0,9981.56
2015-10-01,7992.05,8008.25,7930.65,7950.9,161809883.0,8896.78
2015-10-05,8005.1,8128.9,8005.1,8119.3,188830270.0,9589.63
2015-10-06,8180.45,8180.95,8096.5,8152.9,184037905.0,8461.64
2015-10-07,8146.2,8188.9,8132.9,8177.4,199911165.0,7894.19
2015-10-08,8196.75,8196.75,8105.85,8129.35,177030502.0,7837.16
2015-10-09,8186.35,8232.2,8139.65,8189.7,205859184.0,7960.62
2015-10-12,8231.5,8244.5,8128.2,8143.6,205255913.0,7604.3
2015-10-13,8121.95,8150.25,8088.6,8131.7,150431773.0,6877.36
2015-10-14,8102.4,8139.3,8096.35,8107.9,143158108.0,6607.21
2015-10-15,8134.35,8190.55,8129.8,8179.5,172429864.0,7625.17
2015-10-16,8193.65,8246.4,8147.65,8238.15,161153559.0,6956.78
2015-10-19,8262.55,8283.05,8239.2,8275.05,128300205.0,6880.43
2015-10-20,8280.3,8294.05,8229.2,8261.65,159947752.0,7661.53
2015-10-21,8258.35,8294.4,8217.15,8251.7,149270047.0,6689.35
2015-10-23,8308.25,8328.1,8280.75,8295.45,156664310.0,7466.28
2015-10-26,8333.65,8336.3,8252.05,8260.55,138006303.0,6799.49
2015-10-27,8230.35,8241.95,8217.05,8232.9,161493491.0,8271.49
2015-10-28,8188.9,8209.1,8131.8,8171.2,194708669.0,9131.44
2015-10-29,8175.45,8179.6,8098.0,8111.75,224234135.0,10569.95
2015-10-30,8123.55,8146.1,8044.4,8065.8,205663493.0,9218.39
2015-11-02,8054.55,8060.7,7995.6,8050.8,140323983.0,6552.67
2015-11-03,8086.35,8100.35,8031.75,8060.7,136625382.0,5955.64
2015-11-04,8104.9,8116.1,8027.3,8040.2,125935846.0,5696.01
2015-11-05,8030.35,8031.2,7944.1,7955.45,136223827.0,6001.38
2015-11-06,7956.55,8002.65,7926.15,7954.3,,
2015-11-09,7788.25,7937.75,7771.7,7915.2,218422388.0,9376.17
2015-11-10,7877.6,7885.1,7772.85,7783.35,170267413.0,7153.47
2015-11-11,7838.8,7847.95,7819.1,7825.0,22380435.0,1123.44
2015-11-13,7762.45,7775.1,7730.9,7762.25,165876819.0,7731.55
2015-11-16,7732.95,7838.85,7714.15,7806.6,154134885.0,6871.15
2015-11-17,7848.75,7860.45,7793.0,7837.55,149451211.0,6367.14
2015-11-18,7823.15,7843.4,7725.05,7731.8,148037721.0,6112.32
2015-11-19,7788.5,7854.9,7765.45,7842.75,136702518.0,7410.15
2015-11-20,7841.9,7906.95,7817.8,7856.55,156610433.0,7298.01
2015-11-23,7869.5,7877.5,7825.2,7849.25,130871603.0,6099.09
2015-11-24,7837.0,7870.35,7812.65,7831.6,134562905.0,6686.27
2015-11-26,7837.15,7897.1,7832.0,7883.8,226632193.0,11054.04
2015-11-27,7910.6,7959.3,7879.45,7942.7,154863047.0,7068.72
2015-11-30,7936.25,7966.0,7922.8,7935.25,223041699.0,15368.67
2015-12-01,7958.15,7972.15,7934.15,7954.9,142945421.0,6796.67
2015-12-02,7976.7,7979.3,7910.8,7931.35,130207404.0,6242.53
2015-12-03,7902.3,7912.3,7853.3,7864.15,129628400.0,5636.41
2015-12-04,7817.6,7821.4,7775.7,7781.9,157231681.0,7758.36
2015-12-07,7816.55,7825.4,7746.05,7765.4,141893279.0,6403.97
2015-12-08,7738.5,7771.25,7685.45,7701.7,139318392.0,5986.06
2015-12-09,7695.5,7702.85,7606.9,7612.5,144315690.0,6599.6
2015-12-10,7643.3,7691.95,7610.0,7683.3,145249292.0,6492.02
2015-12-11,7699.6,7703.05,7575.3,7610.45,172996480.0,6894.44
2015-12-14,7558.2,7663.95,7551.05,7650.05,153492615.0,6290.42
2015-12-15,7659.15,7705.0,7625.1,7700.9,138479057.0,6152.14
2015-12-16,7725.25,7776.6,7715.75,7750.9,159149338.0,6703.76
2015-12-17,7783.05,7852.9,7737.55,7844.35,181256780.0,7367.15
2015-12-18,7828.9,7836.15,7753.35,7761.95,197319843.0,8074.5
2015-12-21,7745.65,7840.75,7733.45,7834.45,130174102.0,5558.38
2015-12-22,7829.4,7846.3,7776.85,7786.1,129633328.0,5028.11
2015-12-23,7830.45,7871.45,7826.1,7865.95,121480721.0,4663.45
2015-12-24,7888.75,7888.75,7835.5,7861.05,96374245.0,3383.99
2015-12-28,7863.2,7937.2,7863.0,7925.15,126737811.0,5755.48
2015-12-29,7929.2,7942.15,7902.75,7928.95,116535971.0,4950.36
2015-12-30,7938.6,7944.75,7889.85,7896.25,110145855.0,4392.87
2015-12-31,7897.8,7955.55,7891.15,7946.35,155645098.0,6780.85
2016-01-01,7938.45,7972.55,7909.8,7963.2,64843836.0,2613.91
2016-01-04,7924.55,7937.55,7781.1,7791.3,138864905.0,5897.08
2016-01-05,7828.4,7831.2,7763.25,7784.65,149672973.0,5948.51
2016-01-06,7788.05,7800.95,7721.2,7741.0,151715828.0,6722.17
2016-01-07,7673.35,7674.95,7556.6,7568.3,194732861.0,7803.21
2016-01-08,7611.65,7634.1,7581.05,7601.35,162348690.0,6753.57
2016-01-11,7527.45,7605.1,7494.35,7563.85,194836791.0,7327.15
2016-01-12,7587.2,7588.3,7487.8,7510.3,168975973.0,7071.48
2016-01-13,7557.9,7590.95,7425.8,7562.4,221908258.0,9585.17
2016-01-14,7467.4,7604.8,7443.8,7536.8,206988549.0,9246.75
2016-01-15,7561.65,7566.5,7427.3,7437.8,203643071.0,8279.07
2016-01-18,7420.35,7463.65,7336.4,7351.0,240798183.0,8431.56
2016-01-19,7381.8,7462.75,7364.15,7435.1,194068339.0,7038.84
2016-01-20,7357.0,7470.9,7241.5,7309.3,232614141.0,8794.16
2016-01-21,7376.65,7398.7,7250.0,7276.8,248113284.0,9401.16
2016-01-22,7355.7,7433.4,7327.6,7422.45,236282061.0,7666.39
2016-01-25,7468.75,7487.15,7421.2,7436.15,168202502.0,5910.99
2016-01-27,7469.6,7477.9,7419.7,7437.75,193389891.0,6834.77
2016-01-28,7426.5,7468.85,7409.6,7424.65,283036298.0,10049.88
2016-01-29,7413.35,7575.65,7402.8,7563.55,307934042.0,11277.33
2016-02-01,7589.5,7600.45,7541.25,7555.95,206645021.0,8209.5
2016-02-02,7566.65,7576.3,7428.05,7455.55,237338907.0,8030.99
2016-02-03,7392.45,7419.4,7350.3,7361.8,197863301.0,6748.17
2016-02-04,7411.45,7457.05,7365.95,7404.0,229563364.0,7465.35
2016-02-05,7418.25,7503.15,7406.65,7489.1,257518899.0,8628.24
2016-02-08,7489.7,7512.55,7363.2,7387.25,176758985.0,5746.45
2016-02-09,7303.95,7323.45,7275.15,7298.2,218730280.0,7415.13
2016-02-10,7264.3,7271.85,7177.75,7215.7,254481339.0,8129.65
2016-02-11,7203.6,7208.65,6959.95,6976.35,301302956.0,9250.27
2016-02-12,7023.65,7034.8,6869.0,6980.95,344210729.0,11062.63
2016-02-15,7057.35,7182.8,7056.8,7162.95,365217073.0,10204.34
2016-02-16,7201.25,7204.65,7037.7,7048.25,261607451.0,7638.39
2016-02-17,7058.85,7123.7,6960.65,7108.45,268017961.0,7686.32
2016-02-18,7177.4,7215.1,7127.85,7191.75,254331498.0,8051.51
2016-02-19,7170.55,7226.85,7145.95,7210.75,198206480.0,6156.58
2016-02-22,7208.85,7252.4,7200.7,7234.55,159162842.0,5832.89
2016-02-23,7240.3,7241.7,7090.7,7109.55,200396978.0,6433.16
2016-02-24,7075.0,7090.8,7009.75,7018.7,205898417.0,6497.18
2016-02-25,7029.85,7034.2,6961.4,6970.6,291932544.0,9090.16
2016-02-26,7039.3,7052.9,6985.1,7029.75,213142575.0,6880.96
2016-02-29,7050.45,7094.6,6825.8,6987.05,487969285.0,15992.15
2016-03-01,7038.25,7235.5,7035.1,7222.3,283561570.0,9896.58
2016-03-02,7321.7,7380.35,7308.15,7368.85,348965708.0,10983.06
2016-03-03,7429.55,7483.95,7406.05,7475.6,287248532.0,9255.43
2016-03-04,7505.4,7505.9,7444.1,7485.35,290441230.0,8135.06
2016-03-08,7486.4,7527.15,7442.15,7485.3,264945393.0,8417.86
2016-03-09,7436.1,7539.0,7424.3,7531.8,252709391.0,9036.29
2016-03-10,7545.35,7547.1,7447.4,7486.15,231584305.0,8875.92
2016-03-11,7484.85,7543.95,7460.6,7510.2,204806572.0,7558.55
2016-03-14,7542.6,7583.7,7515.05,7538.75,172067214.0,6330.45
2016-03-15,7535.85,7545.2,7452.8,7460.6,199653871.0,7577.78
2016-03-16,7457.05,7508.0,7405.15,7498.75,201430035.0,7102.59
2016-03-17,7557.4,7585.3,7479.4,7512.55,247043954.0,9539.89
2016-03-18,7534.65,7613.6,7517.9,7604.35,244727490.0,9971.59
2016-03-21,7619.2,7713.55,7617.7,7704.25,202853386.0,8381.51
2016-03-22,7695.55,7728.2,7643.8,7714.9,215355848.0,8628.05
2016-03-23,7717.45,7726.85,7670.6,7716.5,205794773.0,7612.54
2016-03-28,7741.0,7749.4,7587.7,7615.1,249905118.0,10102.36
2016-03-29,7606.55,7652.9,7582.25,7597.0,223493457.0,10474.75
2016-03-30,7651.1,7741.95,7643.45,7735.2,239843751.0,9908.6
2016-03-31,7727.65,7777.6,7702.0,7738.4,391914059.0,15918.74
2016-04-01,7718.05,7740.15,7666.1,7713.05,189571551.0,8118.47
2016-04-04,7733.15,7764.45,7704.4,7758.8,160277940.0,6506.44
2016-04-05,7736.3,7736.3,7588.65,7603.2,210126897.0,8412.34
2016-04-06,7636.05,7638.65,7591.75,7614.35,170653808.0,6802.69
2016-04-07,7630.4,7630.75,7535.85,7546.45,241684050.0,7709.23
2016-04-08,7542.35,7569.35,7526.7,7555.2,147816460.0,5981.23
2016-04-11,7577.8,7678.8,7516.85,7671.4,185353268.0,7055.61
2016-04-12,7669.25,7717.4,7663.35,7708.95,168508978.0,6945.44
2016-04-13,7777.15,7864.8,7772.2,7850.45,227217288.0,10071.44
2016-04-18,7908.15,7920.6,7842.75,7914.7,190258561.0,10356.03
2016-04-20,7950.05,7950.4,7877.55,7914.75,211630060.0,10069.83
2016-04-21,7953.65,7978.45,7884.1,7912.05,230577117.0,9613.3
2016-04-22,7891.8,7923.35,7873.35,7899.3,188988540.0,7714.04
2016-04-25,7894.8,7911.0,7827.0,7855.05,150776959.0,7362.13
2016-04-26,7828.15,7974.5,7822.55,7962.65,208656803.0,9686.21
2016-04-27,7942.0,7991.0,7940.55,7979.9,213174058.0,9669.04
2016-04-28,7967.4,7992.0,7834.45,7847.25,301485186.0,14943.3
2016-04-29,7844.25,7889.05,7788.7,7849.8,251227047.0,9872.58
2016-05-02,7822.7,7829.8,7777.3,7805.9,150818181.0,6079.16
2016-05-03,7824.8,7890.25,7735.15,7747.0,192271370.0,8536.83
2016-05-04,7724.15,7749.0,7697.25,7706.55,205939089.0,7816.27
2016-05-05,7731.0,7777.55,7706.85,7735.5,190792828.0,8089.45
2016-05-06,7717.65,7738.9,7678.35,7733.45,168662226.0,6296.51
2016-05-09,7755.25,7873.65,7753.55,7866.05,165616829.0,7559.77
2016-05-10,7873.55,7896.9,7837.7,7887.8,166957276.0,7306.72
2016-05-11,7804.65,7893.1,7780.9,7848.85,220712496.0,9394.05
2016-05-12,7871.45,7916.05,7849.65,7900.4,157444918.0,7171.91
2016-05-13,7881.0,7881.0,7784.2,7814.9,185061782.0,10152.08
2016-05-16,7831.2,7873.9,7772.15,7860.75,211547775.0,7790.24
2016-05-17,7896.85,7940.1,7879.7,7890.75,189140810.0,8195.95
2016-05-18,7846.75,7882.05,7810.75,7870.15,161169418.0,7333.13
2016-05-19,7875.5,7876.2,7766.8,7783.4,175711829.0,7163.38
2016-05-20,7792.2,7812.4,7735.75,7749.7,161889432.0,6798.89
2016-05-23,7813.95,7820.6,7722.2,7731.05,177347948.0,7141.74
2016-05-24,7738.05,7761.55,7715.8,7748.85,151538169.0,6119.23
2016-05-25,7811.8,7941.2,7809.3,7934.9,181636649.0,8202.39
2016-05-26,7974.45,8083.0,7948.5,8069.65,272456307.0,12422.0
2016-05-27,8081.95,8164.2,8077.05,8156.65,268963949.0,10607.22
2016-05-30,8166.5,8200.0,8150.8,8178.5,255086293.0,9199.38
2016-05-31,8209.85,8213.6,8134.3,8160.1,485645737.0,21491.53
2016-06-01,8179.2,8215.35,8171.05,8179.95,200371829.0,8408.53
2016-06-02,8156.9,8229.5,8154.75,8218.95,187316365.0,8389.69
2016-06-03,8246.2,8262.0,8209.85,8220.8,390652017.0,10762.52
2016-06-06,8228.75,8234.7,8186.05,8201.05,176885226.0,7657.92
2016-06-07,8235.55,8294.95,8216.4,8266.45,249365706.0,10462.49
2016-06-08,8285.5,8288.9,8252.05,8273.05,179710369.0,7614.02
2016-06-09,8273.35,8273.35,8184.6,8203.6,180293039.0,7973.1
2016-06-10,8180.25,8265.6,8162.85,8170.05,187757375.0,7853.83
2016-06-13,8102.25,8125.25,8063.9,8110.6,174916286.0,7343.99
2016-06-14,8134.4,8134.95,8069.5,8108.85,150042362.0,6003.23
2016-06-15,8139.4,8213.2,8123.15,8206.6,174953935.0,6945.89
2016-06-16,8180.65,8180.65,8074.45,8140.75,195028743.0,7764.57
2016-06-17,8176.65,8195.25,8135.8,8170.2,171842760.0,7741.9
2016-06-20,8115.75,8244.15,8107.35,8238.5,173750792.0,7392.97
2016-06-21,8255.4,8257.25,8202.15,8219.9,141161921.0,5978.26
2016-06-22,8213.65,8238.35,8153.25,8203.7,140268297.0,6377.69
2016-06-23,8201.15,8285.6,8188.3,8270.45,158852677.0,6805.86
2016-06-24,8029.1,8100.7,7927.05,8088.6,306803641.0,13263.08
2016-06-27,8039.35,8120.65,8039.35,8094.7,167462711.0,7614.06
2016-06-28,8096.05,8146.35,8086.85,8127.85,175724276.0,7777.39
2016-06-29,8173.1,8212.4,8157.65,8204.0,151499716.0,6940.87
2016-06-30,8260.25,8308.15,8242.1,8287.75,288031935.0,12346.32
2016-07-01,8313.05,8356.75,8308.65,8328.35,170581881.0,7358.38
2016-07-04,8376.75,8398.45,8364.7,8370.7,158955823.0,6662.92
2016-07-05,8379.3,8381.45,8319.95,8335.95,143253937.0,5976.01
2016-07-07,8342.0,8361.95,8317.7,8337.9,160327315.0,7592.94
2016-07-08,8350.0,8353.3,8287.55,8323.2,142159935.0,6886.33
2016-07-11,8413.35,8475.25,8407.05,8467.9,154399933.0,7576.69
2016-07-12,8502.6,8526.6,8479.2,8521.05,189339750.0,7873.74
2016-07-13,8540.45,8550.25,8493.55,8519.5,201492184.0,8284.38
2016-07-14,8515.75,8571.4,8500.7,8565.0,158738499.0,6890.07
2016-07-15,8565.45,8594.8,8510.05,8541.4,228598684.0,12375.84
2016-07-18,8564.05,8587.1,8494.35,8508.7,169400452.0,8200.06
2016-07-19,8514.3,8540.05,8476.7,8528.55,173050805.0,7928.14
2016-07-20,8515.45,8569.9,8512.55,8565.85,165349380.0,7936.36
2016-07-21,8582.7,8585.25,8503.45,8510.1,154575685.0,7399.71
2016-07-22,8519.65,8548.95,8489.8,8541.2,147619642.0,6504.0
2016-07-25,8519.95,8641.15,8517.2,8635.65,154631398.0,7850.12
2016-07-26,8633.75,8644.9,8577.15,8590.65,159563469.0,8765.45
2016-07-27,8599.4,8665.0,8572.05,8615.8,189796380.0,10885.88
2016-07-28,8636.95,8674.7,8625.25,8666.3,240721865.0,12998.06
2016-07-29,8668.3,8670.35,8631.15,8638.5,161935155.0,8428.8
2016-08-01,8654.3,8711.3,8590.5,8636.55,194186858.0,9881.67
2016-08-02,8647.45,8687.2,8611.4,8622.9,174556789.0,8652.31
2016-08-03,8635.2,8635.45,8529.6,8544.85,168033073.0,8507.82
2016-08-04,8599.95,8601.4,8518.15,8551.1,169780463.0,7399.03
2016-08-05,8600.2,8689.4,8590.15,8683.15,162784913.0,7635.01
2016-08-08,8712.85,8723.5,8697.6,8711.35,177877012.0,7862.15
2016-08-09,8727.8,8728.35,8638.2,8678.25,206261255.0,9111.4
2016-08-10,8686.7,8690.1,8564.6,8575.3,178963496.0,8206.18
2016-08-11,8572.8,8601.15,8540.05,8592.15,195114539.0,8634.8
2016-08-12,8605.45,8684.3,8604.45,8672.15,272014034.0,11998.86
2016-08-16,8670.25,8682.35,8600.45,8642.55,231771409.0,10937.35
2016-08-17,8639.8,8667.1,8603.6,8624.05,179540691.0,8161.38
2016-08-18,8648.85,8690.7,8645.05,8673.25,169431656.0,7900.6
2016-08-19,8694.3,8696.6,8647.1,8666.9,197770568.0,8354.88
2016-08-22,8667.0,8684.85,8614.0,8629.15,156976546.0,7394.57
2016-08-23,8628.35,8642.15,8580.0,8632.6,193302503.0,7309.82
2016-08-24,8648.5,8661.05,8620.9,8650.3,154168043.0,7199.72
2016-08-25,8668.85,8683.05,8583.65,8592.2,219736214.0,10508.32
2016-08-26,8614.35,8622.95,8547.55,8572.55,152146666.0,7153.37
2016-08-29,8583.75,8622.0,8543.75,8607.45,133723771.0,6857.99
2016-08-30,8646.75,8750.6,8642.25,8744.35,154828719.0,8392.76
2016-08-31,8754.05,8819.2,8754.05,8786.2,373422334.0,22534.29
2016-09-01,8793.6,8813.25,8759.95,8774.65,246336047.0,9653.93
2016-09-02,8796.35,8824.1,8768.2,8809.65,197385217.0,8231.93
2016-09-06,8852.7,8950.85,8848.45,8943.0,201617132.0,9571.31
2016-09-07,8968.7,8968.7,8913.35,8917.95,299145644.0,11430.95
2016-09-08,8915.5,8960.35,8896.0,8952.5,223937056.0,10773.98
2016-09-09,8934.3,8939.15,8858.7,8866.7,181344327.0,9976.28
2016-09-12,8732.95,8746.95,8699.4,8715.6,190199613.0,9248.73
2016-09-14,8710.65,8739.85,8688.9,8726.6,189984289.0,9112.57
2016-09-15,8743.85,8751.95,8704.35,8742.55,149889703.0,7347.34
2016-09-16,8780.85,8847.65,8750.5,8779.85,274039556.0,14430.63
2016-09-19,8788.45,8824.3,8774.2,8808.4,135814177.0,7364.64
2016-09-20,8816.1,8816.45,8759.3,8775.9,140718486.0,7035.07
2016-09-21,8790.3,8826.85,8757.3,8777.15,153441330.0,7572.41
2016-09-22,8873.35,8893.35,8837.8,8867.45,178136644.0,9305.56
2016-09-23,8880.75,8885.2,8820.3,8831.55,191618169.0,9793.98
2016-09-26,8807.9,8809.55,8715.1,8723.05,169050086.0,8518.5
2016-09-27,8748.9,8768.5,8690.5,8706.4,156100521.0,7446.12
2016-09-28,8711.2,8767.05,8703.15,8745.15,170643694.0,8348.19
2016-09-29,8792.7,8800.65,8558.25,8591.25,384395249.0,19467.3
2016-09-30,8581.5,8637.15,8555.2,8611.15,187333285.0,8849.27
2016-10-03,8666.15,8745.2,8635.0,8738.1,141472076.0,7173.62
2016-10-04,8770.0,8783.65,8736.1,8769.15,189990151.0,8251.59
2016-10-05,8806.35,8806.95,8731.4,8743.95,162103951.0,6866.33
2016-10-06,8768.7,8781.15,8684.65,8709.55,168713605.0,8114.93
2016-10-07,8721.7,8723.7,8663.8,8697.6,155053800.0,8144.3
2016-10-10,8735.35,8745.8,8703.95,8708.8,111794053.0,5159.83
2016-10-13,8671.5,8681.55,8541.35,8573.35,218861324.0,10581.55
2016-10-14,8594.0,8604.45,8549.8,8583.4,167848947.0,9613.47
2016-10-17,8612.95,8615.4,8506.15,8520.4,203516577.0,8590.35
2016-10-18,8556.05,8685.1,8555.9,8677.9,216626083.0,9162.11
2016-10-19,8697.5,8698.75,8636.7,8659.1,177397872.0,7790.01
2016-10-20,8693.35,8727.0,8678.3,8699.4,165952091.0,7120.32
2016-10-21,8708.6,8709.1,8652.05,8693.05,162162047.0,8022.44
2016-10-24,8709.85,8736.95,8684.15,8708.95,161966274.0,6876.28
2016-10-25,8721.7,8722.65,8663.45,8691.3,195696479.0,8718.02
2016-10-26,8657.3,8657.3,8596.6,8615.25,226133074.0,9696.9
2016-10-27,8607.1,8624.85,8550.25,8615.25,250336333.0,12300.53
2016-10-28,8625.0,8653.75,8581.75,8638.0,180906084.0,8953.72
2016-10-30,8672.35,8678.25,8616.25,8625.7,16610872.0,805.89
2016-11-01,8653.15,8669.6,8614.5,8626.25,170068995.0,8441.3
2016-11-02,8542.8,8549.5,8504.85,8514.0,160130480.0,7683.07
2016-11-03,8499.85,8537.65,8476.15,8484.95,175773254.0,7558.06
2016-11-04,8503.6,8504.0,8400.25,8433.75,231783152.0,11798.48
2016-11-07,8535.75,8535.85,8481.45,8497.05,178070534.0,8436.7
2016-11-08,8540.0,8559.4,8480.1,8543.55,201759648.0,8515.57
2016-11-09,8067.5,8476.2,8002.25,8432.0,323968654.0,15536.37
2016-11-10,8555.6,8598.45,8510.7,8525.75,271196930.0,12386.39
2016-11-11,8456.65,8460.6,8284.95,8296.3,275221694.0,12485.11
2016-11-15,8284.85,8288.55,8093.2,8108.45,370298063.0,17387.22
2016-11-16,8205.65,8210.05,8089.4,8111.6,277801233.0,13705.03
2016-11-17,8105.1,8151.25,8060.3,8079.95,197183084.0,8713.06
2016-11-18,8097.55,8128.95,8048.3,8074.1,166199545.0,7901.64
2016-11-21,8102.1,8102.45,7916.4,7929.1,225608889.0,9199.11
2016-11-22,7989.15,8019.05,7938.15,8002.3,216677654.0,9000.44
2016-11-23,8051.2,8055.2,7973.1,8033.3,186602328.0,8681.67
2016-11-24,8011.8,8024.85,7952.55,7965.5,268619026.0,11868.11
2016-11-25,8007.95,8122.25,7976.75,8114.3,183355873.0,8920.79
2016-11-28,8080.65,8146.5,8066.5,8126.9,195595287.0,8666.87
2016-11-29,8131.55,8197.35,8128.7,8142.15,195618384.0,8486.32
2016-11-30,8172.15,8234.25,8139.25,8224.5,255725357.0,14473.78
2016-12-01,8244.0,8250.8,8185.05,8192.9,162597213.0,7720.96
2016-12-02,8153.55,8159.3,8070.05,8086.8,176767415.0,8050.5
2016-12-05,8088.75,8141.9,8056.85,8128.75,130435865.0,6432.02
2016-12-06,8153.15,8178.7,8130.85,8143.15,118854323.0,5417.56
2016-12-07,8168.4,8190.45,8077.5,8102.05,175024334.0,7900.03
2016-12-08,8152.1,8256.25,8151.75,8246.85,146857616.0,7275.01
2016-12-09,8271.7,8274.95,8241.95,8261.75,154344775.0,6866.81
2016-12-12,8230.65,8230.65,8154.45,8170.8,111432551.0,5026.02
2016-12-13,8196.15,8228.85,8155.8,8221.8,189739559.0,8976.54
2016-12-14,8229.35,8229.4,8165.1,8182.45,149132520.0,6763.63
2016-12-15,8128.4,8225.9,8121.95,8153.6,187425988.0,8579.44
2016-12-16,8178.2,8178.7,8127.45,8139.45,209268331.0,9854.07
2016-12-19,8126.0,8132.5,8094.85,8104.35,110669713.0,5272.2
2016-12-20,8110.6,8124.1,8062.75,8082.4,132026742.0,6296.67
2016-12-21,8105.85,8112.55,8053.25,8061.3,127543733.0,6304.6
2016-12-22,8043.85,8046.45,7964.95,7979.1,126409580.0,6206.58
2016-12-23,7972.5,8022.6,7942.05,7985.75,,
2016-12-26,7965.1,7970.05,7893.8,7908.25,110171222.0,4808.67
2016-12-27,7915.05,8044.65,7903.7,8032.85,122463312.0,5282.66
2016-12-28,8047.55,8100.55,8028.4,8034.85,130580701.0,5816.34
2016-12-29,8030.6,8111.1,8020.8,8103.6,,
2016-12-30,8119.65,8197.0,8114.75,8185.8,131457250.0,5800.7
2017-01-02,8210.1,8212.0,8133.8,8179.5,,
2017-01-03,8196.05,8219.1,8148.6,8192.25,131186021.0,6053.67
2017-01-04,8202.65,8218.5,8180.9,8190.5,136476345.0,6543.13
2017-01-05,8226.65,8282.65,8223.7,8273.8,163957452.0,8180.68
2017-01-06,8281.85,8306.85,8233.25,8243.8,143689850.0,7298.74
2017-01-09,8259.35,8263.0,8227.75,8236.05,102211190.0,5197.62
2017-01-10,8262.7,8293.8,8261.0,8288.6,147312927.0,6904.57
2017-01-11,8327.8,8389.0,8322.25,8380.65,192285417.0,8938.68
2017-01-12,8391.05,8417.2,8382.3,8407.2,,
2017-01-13,8457.65,8461.05,8373.15,8400.35,,
2017-01-16,8390.95,8426.7,8374.4,8412.8,127938836.0,6043.67
2017-01-17,8415.05,8440.9,8378.3,8398.0,125781216.0,6389.21
2017-01-18,8403.85,8460.3,8397.4,8417.0,,
2017-01-19,8418.4,8445.15,8404.05,8435.1,170956149.0,7324.14
2017-01-20,8404.35,8423.65,8340.95,8349.35,208901233.0,9014.51
2017-01-23,8329.6,8404.15,8327.2,8391.5,200993100.0,8664.94
2017-01-24,8407.05,8480.95,8398.15,8475.8,184745781.0,8524.17
2017-01-25,8499.45,8612.6,8493.95,8602.75,301490150.0,13901.89
2017-01-27,8610.5,8672.7,8606.9,8641.25,283905821.0,11568.92
2017-01-30,8635.55,8662.6,8617.75,8632.75,314110760.0,9333.49
2017-01-31,8629.45,8631.75,8552.4,8561.3,537110119.0,14721.17
2017-02-01,8570.35,8722.4,8537.5,8716.4,337797412.0,13494.05
2017-02-02,8724.75,8757.6,8685.8,8734.25,292329202.0,11555.02
2017-02-03,8735.15,8748.25,8707.75,8740.95,,
2017-02-06,8785.45,8814.1,8770.2,8801.05,200403782.0,8701.51
2017-02-07,8805.7,8809.3,8741.05,8768.3,233294532.0,9060.63
2017-02-08,8774.55,8791.25,8715.0,8769.05,225485726.0,9110.24
2017-02-09,8795.55,8821.4,8724.1,8778.4,193282248.0,8972.67
2017-02-10,8812.35,8822.1,8771.2,8793.55,232947341.0,10320.17
2017-02-13,8819.8,8826.9,8754.2,8805.05,211180353.0,8659.48
2017-02-14,8819.9,8820.45,8772.5,8792.3,194133563.0,8494.44
2017-02-15,8778.95,8807.9,8712.85,8724.7,222828919.0,10472.37
2017-02-16,8739.0,8783.95,8719.6,8778.0,,
2017-02-17,8883.7,8896.45,8804.25,8821.7,,
2017-02-20,8818.55,8886.25,8809.8,8879.2,173022362.0,7833.53
2017-02-21,8890.75,8920.8,8860.95,8907.85,181091326.0,8863.71
2017-02-22,8931.6,8960.75,8905.25,8926.9,254677956.0,13514.08
2017-02-23,8956.4,8982.15,8927.55,8939.5,388874096.0,17243.08
2017-02-27,8943.7,8951.8,8888.65,8896.7,195847099.0,10388.83
2017-02-28,8898.95,8914.75,8867.6,8879.6,302722890.0,13819.57
2017-03-01,8904.4,8960.8,8898.6,8945.8,212328974.0,9681.99
2017-03-02,8982.85,8992.5,8879.8,8899.75,225608140.0,10075.19
2017-03-03,8883.5,8907.1,8860.1,8897.55,208915878.0,9783.57
2017-03-06,8915.1,8967.8,8914.0,8963.45,180194586.0,8955.06
2017-03-07,8977.75,8977.85,8932.8,8946.9,178827506.0,8149.28
2017-03-08,8950.7,8957.05,8891.95,8924.3,183325544.0,9489.36
2017-03-09,8914.5,8945.8,8899.5,8927.0,176810453.0,8493.21
2017-03-10,8953.7,8975.7,8903.95,8934.55,157419999.0,7385.28
2017-03-14,9091.65,9122.75,9060.5,9087.0,278726933.0,14087.57
2017-03-15,9086.85,9106.55,9075.5,9084.8,248033251.0,9671.51
2017-03-16,9129.65,9158.45,9128.55,9153.7,,
2017-03-17,9207.8,9218.4,9147.6,9160.05,295554265.0,13226.29
2017-03-20,9166.95,9167.6,9116.3,9126.85,342395900.0,9251.16
2017-03-21,9133.95,9147.75,9087.2,9121.5,255396073.0,10191.6
2017-03-22,9047.2,9072.9,9019.3,9030.45,239463699.0,10065.92
2017-03-23,9048.75,9099.05,9048.6,9086.3,197705274.0,8699.36
2017-03-24,9104.0,9133.55,9089.4,9108.0,210021581.0,8853.03
2017-03-27,9093.45,9094.85,9024.65,9045.2,209036051.0,8921.57
2017-03-28,9081.5,9110.4,9079.8,9100.8,188985603.0,8139.28
2017-03-29,9128.7,9153.15,9109.1,9143.8,250902906.0,11089.43
2017-03-30,9142.6,9183.15,9136.35,9173.75,333410368.0,15585.42
2017-03-31,9158.9,9191.7,9152.1,9173.75,196771674.0,10955.05
2017-04-03,9220.6,9245.35,9192.4,9237.85,143444541.0,8337.06
2017-04-05,9264.4,9273.9,9215.4,9265.15,190529461.0,11461.96
2017-04-06,9245.8,9267.95,9218.85,9261.95,191937207.0,10332.6
2017-04-07,9223.7,9250.5,9188.1,9198.3,195918747.0,10217.13
2017-04-10,9225.6,9225.65,9174.85,9181.45,139968750.0,8140.08
2017-04-11,9184.55,9242.7,9172.85,9237.0,206261727.0,9385.2
2017-04-12,9242.5,9246.4,9161.8,9203.45,166755013.0,8412.97
2017-04-13,9202.5,9202.65,9144.95,9150.8,171695600.0,8908.17
2017-04-17,9144.75,9160.0,9120.25,9139.3,132244225.0,6473.27
2017-04-18,9163.0,9217.9,9095.45,9105.15,179569574.0,8527.5
2017-04-19,9112.2,9120.5,9075.15,9103.5,179117382.0,8950.27
2017-04-20,9108.1,9143.9,9102.65,9136.4,175629897.0,8843.5
2017-04-21,9179.1,9183.65,9088.75,9119.4,,
2017-04-24,9135.35,9225.4,9130.55,9217.95,172908048.0,9720.75
2017-04-25,9273.05,9309.2,9250.35,9306.6,173896951.0,10426.02
2017-04-26,9336.2,9367.0,9301.35,9351.85,191395120.0,10483.32
2017-04-27,9359.15,9367.15,9322.65,9342.15,215881711.0,12910.38
2017-04-28,9340.95,9342.65,9282.25,9304.05,,
2017-05-02,9339.85,9352.55,9269.9,9313.8,166558241.0,9110.59
2017-05-03,9344.7,9346.3,9298.4,9311.95,156342492.0,7975.14
2017-05-04,9360.95,9365.65,9323.25,9359.9,277895923.0,12379.74
2017-05-05,9374.55,9377.1,9272.0,9285.3,239133531.0,10466.68
2017-05-08,9311.45,9338.7,9297.95,9314.05,179709949.0,8300.22
2017-05-09,9337.35,9338.95,9307.7,9316.85,136417428.0,7504.66
2017-05-10,9339.65,9414.75,9336.0,9407.3,157363135.0,8619.06
2017-05-11,9448.6,9450.65,9411.3,9422.4,176439840.0,9289.89
2017-05-12,9436.65,9437.75,9372.55,9400.9,159079418.0,9813.47
2017-05-15,9433.55,9449.25,9423.1,9445.4,145163953.0,7790.97
2017-05-16,9461.0,9517.2,9456.35,9512.25,171709433.0,9209.89
2017-05-17,9517.6,9532.6,9486.1,9525.75,211856040.0,10726.23
2017-05-18,9453.2,9489.1,9418.1,9429.45,199340647.0,10782.46
2017-05-19,9469.9,9505.75,9390.75,9427.9,259861396.0,11544.77
2017-05-22,9480.25,9498.65,9427.9,9438.25,202874757.0,9432.97
2017-05-23,9445.05,9448.05,9370.0,9386.15,231345629.0,11553.27
2017-05-24,9410.9,9431.9,9341.65,9360.55,218265181.0,11045.95
2017-05-25,9384.05,9523.3,9379.2,9509.75,298147347.0,16964.26
2017-05-26,9507.75,9604.9,9495.4,9595.1,225647631.0,11204.36
2017-05-29,9560.05,9637.75,9547.7,9604.9,242266034.0,12484.61
2017-05-30,9590.65,9635.3,9581.2,9624.55,199894193.0,9765.4
2017-05-31,9636.55,9649.6,9609.25,9621.25,427053433.0,19605.94
2017-06-01,9603.55,9634.65,9589.9,9616.1,181533283.0,9482.61
2017-06-02,9657.15,9673.5,9637.45,9653.5,167195027.0,8564.3
2017-06-05,9656.3,9687.2,9640.7,9675.1,131685021.0,7192.24
2017-06-06,9704.25,9709.3,9630.2,9637.15,150379695.0,8416.55
2017-06-07,9663.95,9678.55,9630.55,9663.9,165669924.0,8989.36
2017-06-08,9682.4,9688.7,9641.5,9647.25,160165459.0,8822.63
2017-06-09,9638.55,9676.25,9608.15,9668.25,163897548.0,9078.71
2017-06-12,9646.7,9647.05,9598.5,9616.4,145786938.0,7686.89
2017-06-13,9615.55,9654.15,9595.4,9606.9,133734363.0,7056.83
2017-06-14,9621.55,9627.4,9580.45,9618.15,187378750.0,10540.68
2017-06-15,9617.9,9621.4,9560.8,9578.05,176423424.0,9868.08
2017-06-16,9595.45,9615.85,9565.5,9588.05,219808528.0,11920.62
2017-06-19,9626.4,9673.3,9614.9,9657.55,146146062.0,8144.36
2017-06-20,9670.5,9676.5,9643.75,9653.5,164437226.0,8476.67
2017-06-21,9648.1,9650.45,9608.6,9633.6,148490556.0,8023.4
2017-06-22,9642.65,9698.85,9617.75,9630.0,204888654.0,10738.45
2017-06-23,9643.25,9647.65,9565.3,9574.95,180580579.0,9092.74
2017-06-27,9594.05,9615.4,9473.45,9511.4,209593904.0,11084.51
2017-06-28,9520.2,9522.5,9474.35,9491.25,177652206.0,9103.73
2017-06-29,9522.95,9575.8,9493.8,9504.1,267283587.0,13395.85
2017-06-30,9478.5,9535.8,9448.75,9520.9,185202600.0,8783.59
2017-07-03,9587.95,9624.0,9543.55,9615.0,188690599.0,8720.76
2017-07-04,9645.9,9650.65,9595.5,9613.3,149313755.0,7774.69
2017-07-05,9619.75,9643.65,9607.35,9637.6,134849476.0,7311.1
2017-07-06,9653.6,9700.7,9639.95,9674.55,152001940.0,7539.21
2017-07-07,9670.35,9684.25,9642.65,9665.8,146232151.0,8514.53
2017-07-10,9719.3,9782.15,9646.45,9771.05,40142973.0,1920.78
2017-07-11,9797.45,9830.05,9778.85,9786.05,185322358.0,9908.41
2017-07-12,9807.3,9824.95,9787.7,9816.1,150045594.0,7966.44
2017-07-13,9855.8,9897.25,9853.45,9891.7,186866752.0,10244.56
2017-07-14,9913.3,9913.3,9845.45,9886.35,164456602.0,9187.71
2017-07-17,9908.15,9928.2,9894.7,9915.95,168596771.0,8310.48
2017-07-18,9832.7,9885.35,9792.05,9827.15,303007860.0,13184.22
2017-07-19,9855.95,9905.05,9851.65,9899.6,206376192.0,10935.6
2017-07-20,9920.2,9922.55,9863.45,9873.3,166083004.0,8942.56
2017-07-21,9899.6,9924.7,9838.0,9915.25,193286125.0,11860.28
2017-07-24,9936.8,9982.05,9919.6,9966.4,179905535.0,10837.2
2017-07-25,10010.55,10011.3,9949.1,9964.55,191206247.0,10491.32
2017-07-26,9983.65,10025.95,9965.95,10020.65,203697844.0,11403.3
2017-07-27,10063.25,10114.85,10005.5,10020.55,296782048.0,18601.99
2017-07-28,9996.55,10026.05,9944.5,10014.5,197491415.0,11996.8
2017-07-31,10034.7,10085.9,10016.95,10077.1,245096535.0,13131.89
2017-08-01,10101.05,10128.6,10065.75,10114.65,190000516.0,11515.29
2017-08-02,10136.3,10137.85,10054.2,10081.5,166463276.0,9165.92
2017-08-03,10081.15,10081.15,9998.25,10013.65,198665837.0,10714.1
2017-08-04,10008.6,10075.25,9988.35,10066.4,184082134.0,10397.88
2017-08-07,10074.8,10088.1,10046.35,10057.4,141566282.0,7827.95
2017-08-08,10068.35,10083.8,9947.0,9978.55,209645343.0,10780.41
2017-08-09,9961.15,9969.8,9893.05,9908.05,174395293.0,8831.72
2017-08-10,9872.85,9892.65,9776.2,9820.25,242820594.0,12040.13
2017-08-11,9712.15,9771.65,9685.55,9710.8,294732998.0,13435.56
2017-08-14,9755.75,9818.3,9752.1,9794.15,201613585.0,9486.82
2017-08-16,9825.85,9903.95,9773.85,9897.3,226269013.0,10815.38
2017-08-17,9945.55,9947.8,9883.75,9904.15,,
2017-08-18,9865.95,9865.95,9783.65,9837.4,253931517.0,15636.16
2017-08-21,9864.25,9884.35,9740.1,9754.35,211627775.0,11764.0
2017-08-22,9815.75,9828.45,9752.6,9765.55,189267122.0,9850.89
2017-08-23,9803.05,9857.9,9786.75,9852.5,173815509.0,9961.13
2017-08-24,9881.2,9881.5,9848.85,9857.05,190398702.0,10392.63
2017-08-28,9907.15,9925.75,9882.0,9912.8,164493772.0,9900.06
2017-08-29,9886.4,9887.35,9783.75,9796.05,178668444.0,8469.09
2017-08-30,9859.5,9909.45,9850.8,9884.4,162704136.0,8008.72
2017-08-31,9905.7,9925.1,9856.95,9917.9,337782004.0,14619.43
2017-09-01,9937.65,9983.45,9909.85,9974.4,162730656.0,9314.82
2017-09-04,9984.15,9988.4,9861.0,9912.85,153369495.0,8069.64
2017-09-05,9933.25,9963.1,9901.05,9952.2,143522342.0,7566.62
2017-09-06,9899.25,9931.55,9882.55,9916.2,153767846.0,8926.98
2017-09-07,9945.85,9964.85,9917.2,9929.9,194626599.0,9455.48
2017-09-08,9958.65,9963.6,9913.3,9934.8,168698771.0,8792.49
2017-09-11,9971.75,10028.65,9968.8,10006.05,178409875.0,9545.94
2017-09-12,10056.85,10097.55,10028.05,10093.05,188248293.0,9894.2
2017-09-13,10099.25,10131.95,10063.15,10079.3,221608053.0,10682.41
2017-09-14,10107.4,10126.5,10070.35,10086.6,232637517.0,11047.46
2017-09-15,10062.35,10115.15,10043.65,10085.4,274799134.0,13650.9
2017-09-18,10133.1,10171.7,10131.3,10153.1,160852680.0,8106.66
2017-09-19,10175.6,10178.95,10129.95,10147.55,193345992.0,8796.21
2017-09-20,10160.95,10171.05,10134.2,10141.15,205605243.0,10105.71
2017-09-21,10139.6,10158.9,10058.6,10121.9,197710666.0,11114.28
2017-09-22,10094.35,10095.05,9952.8,9964.4,233621596.0,11941.88
2017-09-25,9960.1,9960.5,9816.05,9872.6,228206970.0,11258.68
2017-09-26,9875.25,9891.35,9813.0,9871.5,196792799.0,9754.02
2017-09-27,9920.6,9921.05,9714.4,9735.75,206305991.0,10127.39
2017-09-28,9736.4,9789.2,9687.55,9768.95,396874518.0,18962.4
2017-09-29,9814.3,9854.0,9775.35,9788.6,202350211.0,11087.11
2017-10-03,9893.3,9895.4,9831.05,9859.5,167833406.0,9698.55
2017-10-04,9884.35,9938.3,9850.65,9914.9,160993982.0,8790.29
2017-10-05,9927.0,9945.95,9881.85,9888.7,152362417.0,7823.55
2017-10-06,9908.15,9989.35,9906.6,9979.7,201858899.0,9986.18
2017-10-09,9988.2,10015.75,9959.45,9988.75,148395842.0,7425.19
2017-10-10,10013.7,10034.0,10002.3,10016.95,153246570.0,8055.5
2017-10-11,10042.6,10067.25,9955.8,9984.8,195593061.0,10227.9
2017-10-12,10011.2,10104.45,9977.1,10096.4,207106672.0,10579.8
2017-10-13,10123.7,10191.9,10120.1,10167.45,237230047.0,12379.8
2017-10-16,10207.4,10242.95,10175.1,10230.85,209327364.0,11774.68
2017-10-17,10227.65,10251.85,10212.6,10234.45,201782377.0,10422.81
2017-10-18,10209.4,10236.45,10175.75,10210.85,262111790.0,13177.83
2017-10-19,10210.35,10211.95,10123.35,10146.55,31086379.0,1685.16
2017-10-23,10176.65,10224.15,10124.5,10184.85,224799211.0,12144.31
2017-10-24,10218.55,10237.75,10182.4,10207.7,223914325.0,11539.73
2017-10-25,10321.15,10340.55,10240.9,10295.35,612620774.0,25922.51
2017-10-26,10291.8,10355.65,10271.85,10343.8,443036008.0,23135.46
2017-10-27,10362.3,10366.15,10311.3,10323.05,322411410.0,15149.9
2017-10-30,10353.85,10384.5,10344.3,10363.65,244193178.0,12558.7
2017-10-31,10364.9,10367.7,10323.95,10335.3,239809700.0,12830.06
2017-11-01,10390.35,10451.65,10383.05,10440.5,268270466.0,14206.21
2017-11-02,10440.5,10453.0,10412.55,10423.8,207735021.0,10779.63
2017-11-03,10461.55,10461.7,10403.6,10452.5,206101238.0,10070.83
2017-11-06,10431.75,10490.45,10413.75,10451.8,199559409.0,10231.76
2017-11-07,10477.15,10485.75,10340.8,10350.15,295830692.0,16182.46
2017-11-08,10361.95,10384.25,10285.5,10303.15,282950322.0,14789.39
2017-11-09,10358.65,10368.45,10266.95,10308.95,,
2017-11-10,10304.35,10344.95,10254.1,10321.75,287962940.0,14682.6
2017-11-13,10322.0,10334.15,10216.25,10224.95,216799588.0,11783.34
2017-11-14,10223.4,10248.0,10175.55,10186.6,314413476.0,15398.97
2017-11-15,10171.95,10175.45,10094.0,10118.05,213836202.0,11609.18
2017-11-16,10152.9,10232.25,10139.2,10214.75,188180035.0,9995.55
2017-11-17,10324.55,10343.6,10268.05,10283.6,209592893.0,11023.35
2017-11-20,10287.2,10309.85,10261.5,10298.75,151751415.0,8502.63
2017-11-21,10329.25,10358.7,10315.05,10326.9,191859084.0,10443.99
2017-11-22,10350.8,10368.7,10309.55,10342.3,162504058.0,9136.04
2017-11-23,10358.45,10374.3,10307.3,10348.75,157651842.0,8789.42
2017-11-24,10366.8,10404.5,10362.25,10389.7,133177324.0,8197.66
2017-11-27,10361.05,10407.15,10340.2,10399.55,146276512.0,7551.71
2017-11-28,10387.9,10409.55,10355.2,10370.25,202050866.0,9979.25
2017-11-29,10376.65,10392.95,10345.9,10361.3,157192930.0,8852.8
2017-11-30,10332.7,10332.7,10211.25,10226.55,353105240.0,19005.56
2017-12-01,10263.7,10272.7,10108.55,10121.8,147765528.0,8518.58
2017-12-04,10175.05,10179.2,10095.7,10127.75,153240126.0,8458.66
2017-12-05,10118.25,10147.95,10069.1,10118.25,160253042.0,8749.09
2017-12-06,10088.8,10104.2,10033.35,10044.1,171208366.0,9598.82
2017-12-07,10063.45,10182.65,10061.9,10166.7,171339022.0,9910.28
2017-12-08,10198.45,10270.85,10195.25,10265.65,206234019.0,11468.15
2017-12-11,10310.5,10329.2,10282.05,10322.25,152034656.0,8453.76
2017-12-12,10324.9,10326.1,10230.2,10240.15,180546894.0,10380.24
2017-12-13,10236.6,10296.55,10169.85,10192.95,187191964.0,10070.44
2017-12-14,10229.3,10276.1,10141.55,10252.1,159103960.0,9549.23
2017-12-15,10345.65,10373.1,10319.65,10333.25,262974703.0,15106.77
2017-12-18,10263.1,10443.55,10074.8,10388.75,237506982.0,12921.61
2017-12-19,10414.8,10472.2,10406.0,10463.2,174340665.0,10982.95
2017-12-20,10494.4,10494.45,10437.15,10444.2,180597460.0,11303.0
2017-12-21,10473.95,10473.95,10426.9,10440.3,156646972.0,9411.2
2017-12-22,10457.3,10501.1,10448.25,10493.0,143119167.0,8755.32
2017-12-26,10512.3,10545.45,10477.95,10531.5,160417384.0,9043.77
2017-12-27,10531.05,10552.4,10469.25,10490.75,170307122.0,9077.6
2017-12-28,10498.2,10534.55,10460.45,10477.9,281309989.0,14551.58
2017-12-29,10492.35,10538.7,10488.65,10530.7,156736221.0,8943.1
2018-01-01,10531.7,10537.85,10423.1,10435.55,134532090.0,7546.56
2018-01-02,10477.55,10495.2,10404.65,10442.2,158092430.0,8665.47
2018-01-03,10482.65,10503.6,10429.55,10443.2,172516859.0,9541.6
2018-01-04,10469.4,10513.0,10441.45,10504.8,180257392.0,9561.95
2018-01-05,10534.25,10566.1,10520.1,10558.85,186469717.0,10306.22
2018-01-08,10591.7,10631.2,10588.55,10623.6,174181231.0,9907.27
2018-01-09,10645.1,10659.15,10603.6,10637.0,211291563.0,10733.37
2018-01-10,10652.05,10655.5,10592.7,10632.2,181900014.0,9720.65
2018-01-11,10637.05,10664.6,10612.35,10651.2,158630055.0,9635.01
2018-01-12,10682.55,10690.4,10597.1,10681.25,180592153.0,11005.12
2018-01-15,10718.5,10782.65,10713.8,10741.55,181262074.0,11333.11
2018-01-16,10761.5,10762.35,10687.85,10700.45,217468081.0,12709.44
2018-01-17,10702.45,10803.0,10666.75,10788.55,260488465.0,14334.26
2018-01-18,10873.4,10887.5,10782.4,10817.0,321609375.0,17930.3
2018-01-19,10829.2,10906.85,10793.9,10894.7,214011963.0,11792.26
2018-01-22,10883.2,10975.1,10881.4,10966.2,238815813.0,14469.06
2018-01-23,10997.4,11092.9,10994.55,11083.7,293445774.0,16423.91
2018-01-24,11069.35,11110.1,11046.15,11086.0,292197072.0,16915.14
2018-01-25,11095.6,11095.6,11009.2,11069.65,340469462.0,19939.54
2018-01-29,11079.35,11171.55,11075.95,11130.4,249220726.0,16118.36
2018-01-30,11120.85,11121.1,11033.9,11049.65,234969503.0,13232.19
2018-01-31,11018.8,11058.5,10979.3,11027.7,253462573.0,14459.69
2018-02-01,11044.55,11117.35,10878.8,11016.9,315743486.0,17719.4
2018-02-02,10938.2,10954.95,10736.1,10760.6,291431992.0,16542.51
2018-02-05,10604.3,10702.75,10586.8,10666.55,247479157.0,13980.63
2018-02-06,10295.15,10594.15,10276.3,10498.25,274656443.0,15606.34
2018-02-07,10607.2,10614.0,10446.4,10476.7,258095424.0,13971.66
2018-02-08,10518.5,10637.8,10479.55,10576.85,239407938.0,12569.23
2018-02-09,10416.5,10480.2,10398.2,10454.95,197502912.0,10602.15
2018-02-12,10518.2,10555.5,10485.4,10539.75,224114801.0,11133.78
2018-02-14,10585.75,10590.55,10456.65,10500.9,236329440.0,12188.94
2018-02-15,10537.9,10618.1,10511.05,10545.5,217090245.0,11035.38
2018-02-16,10596.2,10612.9,10434.05,10452.3,190043189.0,10026.71
2018-02-19,10488.9,10489.35,10302.75,10378.4,193087737.0,9871.36
2018-02-20,10391.0,10429.35,10347.65,10360.4,193464871.0,9619.95
2018-02-21,10426.0,10426.1,10349.6,10397.45,241331542.0,12996.36
2018-02-22,10354.35,10397.55,10340.65,10382.7,323259078.0,17711.46
2018-02-23,10408.1,10499.1,10396.65,10491.05,217134363.0,12704.32
2018-02-26,10526.55,10592.95,10520.2,10582.6,177238616.0,10274.89
2018-02-27,10615.2,10631.65,10537.25,10554.3,193250158.0,10276.42
2018-02-28,10488.95,10535.5,10461.55,10492.85,294794221.0,16299.11
2018-03-01,10479.95,10525.5,10447.15,10458.35,181378504.0,10179.48
2018-03-05,10428.3,10428.7,10323.9,10358.85,199975720.0,10673.92
2018-03-06,10420.5,10441.35,10215.9,10249.25,229782297.0,12143.95
2018-03-07,10232.95,10243.35,10141.55,10154.2,257200599.0,12128.88
2018-03-08,10216.25,10270.35,10146.4,10242.65,233377712.0,11479.51
2018-03-09,10271.3,10296.7,10211.9,10226.85,192333334.0,9874.81
2018-03-12,10301.6,10433.65,10295.45,10421.4,223135459.0,10968.95
2018-03-13,10389.5,10478.6,10377.85,10426.85,274852794.0,23965.25
2018-03-14,10393.05,10420.35,10336.3,10410.9,186991169.0,9564.68
2018-03-15,10405.45,10420.0,10346.2,10360.15,179308593.0,8588.01
2018-03-16,10345.15,10346.3,10180.25,10195.15,338702439.0,18811.97
2018-03-19,10215.35,10224.55,10075.3,10094.25,216670033.0,11111.43
2018-03-20,10051.55,10155.65,10049.1,10124.35,209327593.0,10947.12
2018-03-21,10181.95,10227.3,10132.95,10155.25,211060429.0,11269.73
2018-03-22,10167.5,10207.85,10105.4,10114.75,237632983.0,11558.88
2018-03-23,9968.8,10027.7,9951.9,9998.05,294515154.0,14435.17
2018-03-26,9989.15,10143.5,9958.55,10130.65,270665332.0,12695.47
2018-03-27,10188.0,10207.9,10139.65,10184.15,232713976.0,11175.79
2018-03-28,10143.6,10158.35,10096.9,10113.7,354977198.0,18807.48
2018-04-02,10151.65,10220.1,10127.75,10211.8,223135459.0,10968.95
2018-04-03,10186.85,10255.35,10171.05,10245.0,211652029.0,10167.12
2018-04-04,10274.6,10279.85,10111.3,10128.4,238182921.0,11861.79
2018-04-05,10228.45,10331.8,10227.45,10325.15,244116235.0,11674.92
2018-04-06,10322.75,10350.45,10290.85,10331.6,206355691.0,10131.74
2018-04-09,10333.7,10397.7,10328.5,10379.35,228512954.0,10714.13
2018-04-10,10412.9,10424.85,10381.5,10402.25,259523888.0,11905.12
2018-04-11,10428.15,10428.15,10355.6,10417.15,258077363.0,11790.58
2018-04-12,10410.65,10469.9,10395.25,10458.65,246027888.0,12249.66
2018-04-13,10495.3,10519.9,10451.45,10480.6,219724716.0,12354.55
2018-04-16,10398.3,10540.15,10396.35,10528.35,200950876.0,11242.05
2018-04-17,10557.3,10560.45,10495.65,10548.7,212449535.0,10501.71
2018-04-18,10578.9,10594.2,10509.7,10526.2,211823044.0,9888.65
2018-04-19,10563.65,10572.2,10546.2,10565.3,270740891.0,12559.11
2018-04-20,10560.35,10582.35,10527.45,10564.05,252227268.0,15372.66
2018-04-23,10592.8,10638.35,10514.95,10584.7,200203196.0,13642.67
2018-04-24,10578.1,10636.8,10569.0,10614.35,225972673.0,12281.53
2018-04-25,10612.4,10612.6,10536.45,10570.55,195129613.0,11125.11
2018-04-26,10586.5,10628.4,10559.65,10617.8,345536167.0,19200.41
2018-04-27,10651.65,10719.8,10647.55,10692.3,306671172.0,16886.89
2018-04-30,10705.75,10759.0,10704.6,10739.35,179163468.0,10412.57
2018-05-02,10783.85,10784.65,10689.8,10718.05,236757172.0,14820.58
2018-05-03,10720.15,10720.6,10647.45,10679.65,190869804.0,11018.21
2018-05-04,10700.45,10700.45,10601.6,10618.25,192296041.0,9721.56
2018-05-07,10653.15,10725.65,10635.65,10715.5,173620240.0,9239.44
2018-05-08,10757.9,10758.55,10689.4,10717.8,278118616.0,12783.49
2018-05-09,10693.35,10766.25,10689.85,10741.7,222115640.0,10390.92
2018-05-10,10779.65,10785.55,10705.0,10716.55,197988475.0,10526.38
2018-05-11,10741.95,10812.05,10724.45,10806.5,209392114.0,10432.43
2018-05-14,10815.15,10834.85,10774.75,10806.6,176697512.0,9075.44
2018-05-15,10812.6,10929.2,10781.4,10801.85,262202312.0,13582.7
2018-05-16,10751.95,10790.45,10699.7,10741.1,238221884.0,11359.48
2018-05-17,10775.6,10777.25,10664.5,10682.7,220738923.0,12506.3
2018-05-18,10671.85,10674.95,10589.1,10596.4,229908939.0,13908.47
2018-05-21,10616.7,10621.7,10505.8,10516.7,197294184.0,11346.13
2018-05-22,10518.45,10558.6,10490.55,10536.7,249236637.0,12017.36
2018-05-23,10521.1,10533.55,10417.8,10430.35,299919120.0,13456.6
2018-05-24,10464.85,10535.15,10419.8,10513.85,306792497.0,12914.16
2018-05-25,10533.05,10628.05,10524.0,10605.15,268914888.0,12431.16
2018-05-28,10648.35,10709.8,10640.55,10688.65,239786001.0,11764.35
2018-05-29,10689.4,10717.25,10616.1,10633.3,232761575.0,11817.39
2018-05-30,10579.0,10648.7,10558.45,10614.35,246124259.0,12224.76
2018-05-31,10670.1,10763.8,10620.4,10736.15,629198569.0,29479.77
2018-06-01,10738.45,10764.75,10681.5,10696.2,227355567.0,12965.01
2018-06-04,10765.95,10770.3,10618.35,10628.5,210148313.0,14120.49
2018-06-05,10630.7,10633.15,10550.9,10593.15,172898027.0,10027.54
2018-06-06,10603.45,10698.35,10587.5,10684.65,195761429.0,9920.75
2018-06-07,10722.6,10818.0,10722.6,10768.35,227663151.0,11315.24
2018-06-08,10736.4,10779.45,10709.05,10767.65,215942528.0,12360.88
2018-06-11,10781.85,10850.55,10777.05,10786.95,217849903.0,11384.97
2018-06-12,10816.15,10856.55,10789.4,10842.85,204419184.0,11989.07
2018-06-13,10887.5,10893.25,10842.65,10856.7,220003032.0,12982.8
2018-06-14,10832.9,10833.7,10773.55,10808.05,190031664.0,11659.79
2018-06-15,10808.65,10834.0,10755.4,10817.7,314764425.0,19271.43
2018-06-18,10830.2,10830.2,10787.35,10799.85,202727202.0,11182.48
2018-06-19,10789.45,10789.45,10701.2,10710.45,231382790.0,12290.16
2018-06-20,10734.65,10781.8,10724.05,10772.05,199467082.0,10858.35
2018-06-21,10808.45,10809.6,10725.9,10741.1,,
2018-06-22,10742.7,10837.0,10710.45,10821.85,,
2018-06-25,10822.9,10831.05,10753.05,10762.45,236693278.0,12012.41
2018-06-26,10742.7,10805.25,10732.55,10769.15,226846382.0,12113.53
2018-06-27,10785.5,10785.5,10652.4,10671.4,253620792.0,13837.03
2018-06-28,10660.8,10674.2,10557.7,10589.1,363157327.0,20187.98
2018-06-29,10612.85,10723.05,10612.35,10714.3,250327878.0,14440.17
2018-07-02,10732.35,10736.15,10604.65,10657.3,304536687.0,13591.3
2018-07-03,10668.6,10713.3,10630.25,10699.9,208371545.0,10896.89
2018-07-04,10715.0,10777.15,10677.75,10769.9,179268271.0,10388.69
2018-07-05,10786.05,10786.05,10726.25,10749.75,227267176.0,13676.58
2018-07-06,10744.15,10816.35,10735.05,10772.65,256547706.0,14006.48
2018-07-09,10838.3,10860.35,10807.15,10852.9,189331016.0,10843.92
2018-07-10,10902.75,10956.9,10876.65,10947.25,203061980.0,12834.85
2018-07-11,10956.4,10976.65,10923.0,10948.3,229211999.0,15944.45
2018-07-12,11006.95,11078.3,10999.65,11023.2,256034815.0,15787.28
2018-07-13,11056.9,11071.35,10999.75,11018.9,241670818.0,14744.56
2018-07-16,11018.95,11019.5,10926.25,10936.85,216971413.0,13709.57
2018-07-17,10939.65,11018.5,10925.6,11008.05,217107580.0,12649.4
2018-07-18,11060.2,11076.2,10956.3,10980.45,232502459.0,13320.2
2018-07-19,10999.5,11006.5,10935.45,10957.1,222056399.0,12199.98
2018-07-20,10963.5,11030.25,10946.2,11010.2,193144113.0,14105.94
2018-07-24,11109.0,11143.4,11092.5,11134.3,212247395.0,13931.15
2018-07-25,11148.4,11157.15,11113.25,11132.0,212333169.0,12528.8
2018-07-26,11132.95,11185.85,11125.7,11167.3,376657398.0,21595.33
2018-07-27,11232.75,11283.4,11210.25,11278.35,324343457.0,15203.09
2018-07-30,11296.65,11328.1,11261.45,11319.55,287435926.0,14716.66
2018-07-31,11311.05,11366.0,11267.75,11356.5,264430889.0,15297.4
2018-08-01,11359.8,11390.55,11313.55,11346.2,278012697.0,14436.12
2018-08-02,11328.9,11328.9,11234.95,11244.7,216533127.0,12267.66
2018-08-03,11297.8,11368.0,11294.55,11360.8,225146360.0,12984.66
2018-08-08,11412.5,11459.95,11379.3,11450.0,217047641.0,12422.62
2018-08-09,11493.25,11495.2,11454.1,11470.7,311521403.0,15842.76
2018-08-13,11369.6,11406.3,11340.3,11355.75,254466760.0,12899.22
2018-08-14,11381.7,11452.45,11370.8,11435.1,,
2018-08-17,11437.15,11486.45,11431.8,11470.75,241985503.0,13275.31
2018-08-20,11502.1,11565.3,11499.65,11551.75,239843358.0,14119.93
2018-08-21,11576.2,11581.75,11539.6,11570.9,231063669.0,13528.83
2018-08-23,11620.7,11620.7,11546.7,11582.75,256163842.0,16117.77
2018-08-24,11566.6,11604.6,11532.0,11557.1,225604574.0,13019.55
2018-08-27,11605.85,11700.95,11595.6,11691.95,205689327.0,11707.5
2018-08-28,11731.95,11760.2,11710.5,11738.5,249420312.0,13946.7
2018-08-29,11744.95,11753.2,11678.85,11691.9,259351550.0,14324.65
2018-08-30,11694.75,11698.8,11639.7,11676.8,323450305.0,18275.54
2018-08-31,11675.85,11727.65,11640.1,11680.5,357230312.0,20755.73
2018-09-03,11751.8,11751.8,11567.4,11582.35,241726864.0,16139.58
2018-09-04,11598.75,11602.55,11496.85,11520.3,262701030.0,16254.78
2018-09-05,11514.85,11542.65,11393.85,11476.95,253689858.0,15078.23
2018-09-06,11514.15,11562.25,11436.05,11536.9,255558129.0,15161.0
2018-09-07,11558.25,11603.0,11484.4,11589.1,305029077.0,16441.02
2018-09-10,11570.25,11573.0,11427.3,11438.1,295597988.0,16513.89
2018-09-11,11476.85,11479.4,11274.0,11287.5,318093125.0,18745.54
2018-09-12,11340.1,11380.75,11250.2,11369.9,276509748.0,15567.9
2018-09-14,11443.5,11523.25,11430.55,11515.2,285218296.0,16423.36
2018-09-17,11464.95,11464.95,11366.9,11377.75,207620518.0,11294.84
2018-09-18,11381.55,11411.45,11268.95,11278.9,248298794.0,13814.11
2018-09-19,11326.65,11332.05,11210.9,11234.35,258424384.0,15116.69
2018-09-21,11271.3,11346.8,10866.45,11143.1,741153209.0,35131.19
2018-09-24,11164.4,11170.15,10943.6,10967.4,398815949.0,23023.34
2018-09-25,10969.95,11080.6,10882.85,11067.45,417548830.0,22878.57
2018-09-26,11145.55,11145.55,10993.05,11053.8,351041146.0,17803.68
2018-09-27,11079.8,11089.45,10953.35,10977.55,418210067.0,22582.86
2018-09-28,11008.1,11034.1,10850.3,10930.45,492894147.0,23227.86
2018-10-01,10930.9,11035.65,10821.55,11008.3,398987274.0,20391.72
2018-10-03,10982.7,10989.05,10843.75,10858.25,398756507.0,21225.59
2018-10-04,10754.7,10754.7,10547.25,10599.25,438202008.0,23711.57
2018-10-05,10514.1,10540.65,10261.9,10316.45,625153832.0,25254.21
2018-10-08,10310.15,10398.35,10198.4,10348.05,470279031.0,22130.94
2018-10-09,10390.3,10397.6,10279.35,10301.05,443795275.0,18285.41
2018-10-10,10331.85,10482.35,10318.25,10460.1,373844130.0,19592.59
2018-10-11,10169.8,10335.95,10138.6,10234.65,498509417.0,21907.13
2018-10-12,10331.55,10492.45,10322.15,10472.5,354056762.0,18606.04
2018-10-15,10524.2,10526.3,10410.15,10512.5,267517728.0,14372.15
2018-10-16,10550.15,10604.9,10525.3,10584.75,273444095.0,15453.03
2018-10-17,10688.7,10710.15,10436.45,10453.05,293586908.0,17173.14
2018-10-19,10339.7,10380.1,10249.6,10303.55,368552204.0,20505.66
2018-10-22,10405.85,10408.55,10224.0,10245.25,306472776.0,17241.94
2018-10-23,10152.6,10222.1,10102.35,10146.8,312042090.0,18114.71
2018-10-24,10278.15,10290.65,10126.7,10224.75,362272428.0,19413.24
2018-10-25,10135.05,10166.6,10079.3,10124.9,522421914.0,23503.76
2018-10-26,10122.35,10128.85,10004.55,10030.0,375563273.0,16120.14
2018-10-29,10078.1,10275.3,10020.35,10250.85,375749433.0,17514.85
2018-10-30,10239.4,10285.1,10175.35,10198.4,298753965.0,14789.51
2018-10-31,10209.55,10396.0,10105.1,10386.6,386618948.0,21513.85
2018-11-01,10441.7,10441.9,10341.9,10380.45,359340403.0,18111.88
2018-11-02,10462.3,10606.95,10457.7,10553.0,434175607.0,21758.8
2018-11-05,10558.75,10558.8,10477.0,10524.0,,
2018-11-06,10552.0,10600.25,10491.45,10530.0,309878810.0,14006.19
2018-11-07,10614.45,10616.45,10582.3,10598.4,,
2018-11-09,10614.7,10619.55,10544.85,10585.2,305817331.0,15294.83
2018-11-12,10607.8,10645.5,10464.05,10482.2,267710127.0,13445.33
2018-11-13,10451.9,10596.25,10440.55,10582.5,262541595.0,13078.98
2018-11-14,10634.9,10651.6,10532.7,10576.3,396373781.0,19374.89
2018-11-15,10580.6,10646.5,10557.5,10616.7,306011926.0,14937.67
2018-11-16,10644.0,10695.15,10631.15,10682.2,353384918.0,16728.88
2018-11-19,10731.25,10774.7,10688.8,10763.4,280522364.0,13540.9
2018-11-20,10740.1,10740.85,10640.85,10656.2,304322623.0,13077.24
2018-11-21,10670.95,10671.3,10562.35,10600.05,310191008.0,15382.32
2018-11-22,10612.65,10646.25,10512.0,10526.75,246926671.0,12254.36
